stat,feature_mode,calibration_set,bt_tight_rows,0.50-0.55_n,0.50-0.55_acc,0.50-0.55_avg_conf,0.55-0.60_n,0.55-0.60_acc,0.55-0.60_avg_conf,0.60-0.65_n,0.60-0.65_acc,0.60-0.65_avg_conf,0.65-0.70_n,0.65-0.70_acc,0.65-0.70_avg_conf,0.70-0.80_n,0.70-0.80_acc,0.70-0.80_avg_conf,0.80-0.90_n,0.80-0.90_acc,0.80-0.90_avg_conf,0.90-1.00_n,0.90-1.00_acc,0.90-1.00_avg_conf,p99_conf,max_conf
PTS,full,ALL,12345,4012,0.522432701894317,0.5246912160491742,3532,0.5823895809739524,0.5743811242865102,2577,0.6313542879317036,0.6235561709964199,1460,0.6897260273972603,0.6724480308252351,751,0.715046604527297,0.7275041584855761,13,1.0,0.8294448736506758,0,,,0.7533230522443025,0.8588857172538706
PTS,full,TIGHT,12345,4126,0.5198739699466796,0.5246926280474259,3578,0.5885969815539408,0.5742132843340566,2548,0.630690737833595,0.6231783653429469,1426,0.6893408134642356,0.672175896159035,655,0.7206106870229008,0.7263339089260625,12,1.0,0.8253678891420734,0,,,0.7480312013497583,0.852603283988567
PTS,reduced,ALL,12345,4007,0.5283254304966309,0.5246998350780606,3473,0.5669450043190325,0.5742051525378303,2567,0.633813790416829,0.6233052111445159,1474,0.6824966078697422,0.6721761330568484,807,0.7174721189591078,0.7301813350689309,17,0.9411764705882352,0.8114871911334516,0,,,0.760019547311257,0.8373746357505809
PTS,reduced,TIGHT,12345,4102,0.5285226718673818,0.5245811440733876,3557,0.5701433792521788,0.574120500587329,2533,0.6360047374654559,0.6233424259878297,1402,0.681169757489301,0.6721424141745904,741,0.7260458839406208,0.7292129538344114,10,0.9,0.8128967513738019,0,,,0.7554341887532083,0.83145464957844
REB,full,ALL,7261,1883,0.5337227827934148,0.5250349869979849,1675,0.5737313432835821,0.5743975975621379,1453,0.6283551273227804,0.6239664710107944,1130,0.679646017699115,0.6745671863239112,1116,0.7267025089605734,0.7339652663703825,4,1.0,0.8054574905565836,0,,,0.7753202408541968,0.8090616795204061
REB,full,TIGHT,7261,2020,0.5277227722772277,0.5246649630042262,1774,0.580608793686584,0.5744739861470723,1473,0.6361167684996606,0.6233378791528915,1160,0.6991379310344827,0.6735859685410965,834,0.7254196642685852,0.7287889492103659,0,,,0,,,0.7599014753520948,0.7939394229713095
REB,reduced,ALL,7261,1906,0.5330535152151101,0.5251637117839877,1662,0.575812274368231,0.5747901551094594,1424,0.6299157303370787,0.6237844062308434,1141,0.6757230499561788,0.6745130147596661,1119,0.7265415549597856,0.7355311731584302,9,0.7777777777777778,0.808595431521081,0,,,0.7787052523870436,0.8234476433328637
REB,reduced,TIGHT,7261,2045,0.5310513447432763,0.5248899242124611,1773,0.5764241398759166,0.5748260433993142,1449,0.639751552795031,0.6240659695416989,1120,0.6964285714285714,0.6737030871527252,872,0.7293577981651376,0.7296330277267508,2,1.0,0.8048530734457395,0,,,0.7634320047777583,0.8085346588456791
AST,full,ALL,7096,1705,0.5032258064516129,0.5249855698395167,1596,0.5827067669172933,0.5747844699015352,1279,0.6231430805316653,0.6240198783138707,1154,0.6663778162911612,0.6739050110194142,1268,0.7082018927444795,0.7407150545987415,94,0.7872340425531915,0.8146730600954298,0,,,0.8041725412654757,0.8572166161597686
AST,full,TIGHT,7096,1858,0.4989235737351991,0.5250163405742853,1674,0.5943847072879331,0.5743034781967709,1335,0.6389513108614232,0.6240739178173028,1134,0.6710758377425045,0.6733594237776968,1062,0.7146892655367232,0.7368719045671098,33,0.8181818181818182,0.8089082738991147,0,,,0.7861766463882756,0.8384202366760078
AST,reduced,ALL,7096,1707,0.507908611599297,0.5247129280613394,1606,0.5797011207970112,0.5743988200318026,1398,0.6359084406294707,0.6239157137962185,1061,0.647502356267672,0.6740839471250226,1221,0.7182637182637183,0.7405287833695398,103,0.7864077669902912,0.8161675800707049,0,,,0.8072208076615331,0.8583881400591276
AST,reduced,TIGHT,7096,1853,0.5121424716675661,0.5246152650847655,1717,0.5847408270238789,0.5742896755270351,1405,0.6505338078291815,0.6238489251448793,1031,0.6653734238603298,0.6737306164798413,1052,0.7262357414448669,0.7372905174489188,38,0.8157894736842105,0.8123509341804636,0,,,0.7900417515469379,0.8403726051572706
STL,full,ALL,5524,503,0.4811133200795228,0.5259324474407646,673,0.5601783060921248,0.5766185642839808,690,0.6246376811594203,0.6244645202746207,764,0.6976439790575916,0.6736621014712253,1374,0.7256186317321689,0.7538052592235038,1425,0.8112280701754386,0.8409365798568602,95,0.9473684210526316,0.9079220835965196,0.9058197741865216,0.9238803260407764
STL,full,TIGHT,5524,534,0.4625468164794007,0.5264380684095328,674,0.5712166172106825,0.5769562697491538,699,0.6180257510729614,0.6249073408722043,749,0.7022696929238985,0.6736175981952137,1381,0.7299058653149891,0.7545091012059576,1409,0.8119233498935415,0.8403573705976433,78,0.9615384615384616,0.9069940123101088,0.90336714903796,0.9215354293399052
STL,reduced,ALL,5524,398,0.4924623115577889,0.5265735851400595,665,0.5609022556390978,0.5767664105032282,794,0.610831234256927,0.6250941238764322,738,0.6897018970189702,0.6751342606855703,1583,0.7252053063802906,0.7540830631958028,1322,0.8275340393343419,0.8395724490151766,24,0.9166666666666666,0.9029041265441689,0.8945701355417649,0.908921104680572
STL,reduced,TIGHT,5524,405,0.5185185185185185,0.5261653837332606,709,0.5514809590973202,0.5763157865991219,785,0.619108280254777,0.6253613987268904,719,0.7009735744089013,0.6747992584656849,1593,0.7263025737602009,0.7541967745008025,1301,0.8255188316679477,0.8385842520058624,12,1.0,0.9017527545929336,0.8918492589003869,0.9062605435009824
BLK,full,ALL,3895,424,0.5306603773584906,0.5249017414990373,401,0.6209476309226932,0.5746950407879362,256,0.62890625,0.6232998267713996,299,0.6622073578595318,0.6746935660517239,770,0.7428571428571429,0.7543230834323422,1144,0.8444055944055944,0.8507636085499405,601,0.9284525790349416,0.9202446373928004,0.9359544994629924,0.9464013715617032
BLK,full,TIGHT,3895,440,0.5386363636363637,0.5250726319969862,387,0.6046511627906976,0.5750265226554782,253,0.6640316205533597,0.6236082916431286,283,0.6360424028268551,0.6748975233893127,806,0.7444168734491315,0.7547296654353265,1156,0.8477508650519031,0.8512524284152251,570,0.9298245614035088,0.9189445227372384,0.933647747665842,0.9441914636557832
BLK,reduced,ALL,3895,465,0.5526881720430108,0.5255264453460244,340,0.5764705882352941,0.5731792764904005,281,0.6476868327402135,0.6263581080367334,288,0.7013888888888888,0.6767697123517635,797,0.7427854454203262,0.7538012926858659,1123,0.8432769367764915,0.8491094448817559,601,0.9317803660565724,0.9213224698294404,0.9354741034396316,0.9427976129544864
BLK,reduced,TIGHT,3895,466,0.5321888412017167,0.5250079077770026,344,0.5959302325581395,0.5723840233146489,259,0.6447876447876448,0.6266645688341573,294,0.6904761904761905,0.6764371214768151,809,0.7404202719406675,0.7539191131495754,1144,0.8435314685314685,0.8487989171023959,579,0.9360967184801382,0.9199810203551042,0.9333752889868612,0.9407457478642544
PRA,full,ALL,13842,4843,0.5205451166632252,0.5245995374738944,4026,0.5844510680576255,0.5740157123340263,2803,0.6503745986443097,0.6229266783362514,1529,0.6886854153041203,0.6717769620085128,634,0.7208201892744479,0.7263305800661652,7,1.0,0.8120050986733441,0,,,0.7403742822376443,0.8243259627535136
PRA,full,TIGHT,13842,4966,0.5195328231977446,0.5246199042165327,4057,0.5891052501848657,0.5738306719643609,2803,0.6514448804851944,0.6225641352830262,1459,0.6888279643591501,0.6714150033194856,552,0.7228260869565217,0.7250737952419658,5,1.0,0.8092545454779838,0,,,0.735546607560008,0.8179686516168966
PRA,reduced,ALL,13842,4926,0.5345107592367032,0.5246214144498602,4003,0.5945540844366725,0.5739886583200006,2860,0.6367132867132868,0.6231783689275281,1516,0.6629287598944591,0.6710039410970281,537,0.6908752327746741,0.727121244560735,0,,,0,,,0.7393966296762848,0.7994638231414657
PRA,reduced,TIGHT,13842,4944,0.5345873786407767,0.5245689424024662,4037,0.5935100322021303,0.573854049985734,2871,0.6353187042842215,0.623286369292016,1469,0.6671204901293397,0.6710877034065196,521,0.6833013435700576,0.7264596100429699,0,,,0,,,0.7370338078166591,0.7967971410777301
PA,full,ALL,12800,4225,0.5254437869822485,0.5248972043097085,3723,0.5831318828901424,0.5738788246446591,2691,0.6272761055369751,0.622976878162509,1489,0.6984553391537945,0.6716042528515164,668,0.7245508982035929,0.7265020069123544,4,1.0,0.8096897274666913,0,,,0.744679164314048,0.8213316328302898
PA,full,TIGHT,12800,4227,0.5235391530636385,0.5248370752073342,3725,0.5812080536912752,0.574103269401989,2698,0.6282431430689399,0.6232241107632185,1491,0.6995305164319249,0.671975603156197,656,0.7240853658536586,0.7266870012427828,3,1.0,0.811809548700019,0,,,0.7442072223929034,0.8203136912774618
PA,reduced,ALL,12800,4313,0.535590076512868,0.524848542133312,3787,0.5819910219170847,0.5742660127069877,2632,0.6253799392097265,0.6233206751596284,1402,0.6761768901569187,0.6718357383328547,664,0.7183734939759037,0.7274448183724417,2,1.0,0.8112593105758572,0,,,0.7469556502245918,0.8138792977879634
PA,reduced,TIGHT,12800,4317,0.5281445448227936,0.5249022184364209,3757,0.5839765770561618,0.5741435382758031,2673,0.6270108492330715,0.6231106739066455,1410,0.673049645390071,0.6720407622939377,641,0.7098283931357254,0.7273339183624306,2,1.0,0.8091174658866773,0,,,0.744760531475134,0.811770377464991
PR,full,ALL,13225,4420,0.5323529411764706,0.5245762687107705,3817,0.5920880272465286,0.5736626916579605,2762,0.6426502534395365,0.6232841753767262,1502,0.6677762982689747,0.6720192774654988,713,0.6816269284712483,0.7284928757899443,11,1.0,0.8199834289447309,0,,,0.749912332728439,0.8447816917466742
PR,full,TIGHT,13225,4595,0.5338411316648531,0.5247239398634216,3861,0.5946645946645946,0.5737785788790724,2725,0.6436697247706422,0.6229098959503956,1424,0.672752808988764,0.6713971441225716,612,0.6911764705882353,0.7265888278407739,8,1.0,0.8181893130667255,0,,,0.7430184266981827,0.8372577634030343
PR,reduced,ALL,13225,4600,0.5382608695652173,0.5244603668781762,3778,0.5878771836950768,0.5738791815866282,2777,0.6445804825351098,0.6225254480509386,1462,0.640218878248974,0.6709935376009318,599,0.679465776293823,0.7289338101439395,9,1.0,0.8148901144781793,0,,,0.7467395080217022,0.8375406028287239
PR,reduced,TIGHT,13225,4619,0.5377787399870102,0.5245058814170189,3781,0.5866172970113727,0.573956435797592,2778,0.6447084233261339,0.6226281918027102,1455,0.6405498281786941,0.671160941350606,583,0.6758147512864494,0.7290293649341796,9,1.0,0.8140459449133409,0,,,0.746033852869399,0.8367745077524013
RA,full,ALL,10865,2957,0.5160635779506256,0.5252507003998932,2767,0.5666787134080231,0.5744204400741559,2312,0.6228373702422145,0.6237910358459722,1688,0.6729857819905213,0.6734969406406847,1141,0.7318141980718668,0.7279356679086851,0,,,0,,,0.7572588144581937,0.7976463191740235
RA,full,TIGHT,10865,3314,0.5184067592033796,0.5250074064376963,3052,0.5727391874180865,0.5741642949922149,2376,0.6430976430976431,0.6236242211950122,1532,0.6886422976501305,0.6728846224535097,591,0.7428087986463621,0.7190575470617282,0,,,0,,,0.7317742975090025,0.770572076063089
RA,reduced,ALL,10865,2969,0.530481643651061,0.5252914993468766,2718,0.5629139072847682,0.5744868243723329,2311,0.6187797490263955,0.6239562671718285,1698,0.6678445229681979,0.673369177582599,1166,0.7178387650085764,0.729713947074405,3,1.0,0.8050598278653264,0,,,0.7616983756461893,0.808800450806067
RA,reduced,TIGHT,10865,3381,0.5344572611653357,0.525176829595017,2975,0.5700840336134454,0.5743024283069572,2412,0.6397180762852405,0.6236291085868765,1484,0.6853099730458221,0.6727215148203329,613,0.7259380097879282,0.7200557349937198,0,,,0,,,0.734507672384269,0.7795525283975174
SB,full,ALL,6426,862,0.5127610208816705,0.5242049720950829,911,0.5861690450054885,0.5745650592307758,961,0.619146722164412,0.625253908395661,969,0.6635706914344686,0.6748128797047055,1790,0.7312849162011174,0.7484113401373479,933,0.8210075026795284,0.8328742424025268,0,,,0.8658237190957112,0.8927021505253073
SB,full,TIGHT,6426,890,0.5359550561797752,0.5243767113326404,925,0.5805405405405405,0.5748413229231271,1001,0.6243756243756243,0.6251413515508738,999,0.6586586586586587,0.6751295983330287,1749,0.7392795883361921,0.7480557425787416,862,0.8248259860788864,0.8290783124728207,0,,,0.8593089079781322,0.8862943241288055
SB,reduced,ALL,6426,832,0.5336538461538461,0.5244874236186957,901,0.6048834628190899,0.5750643968521771,924,0.6060606060606061,0.6258739730600688,971,0.6488156539649845,0.6750460061510761,1880,0.7329787234042553,0.7483782732633361,918,0.8159041394335512,0.8319494996517611,0,,,0.8649718376981619,0.8883360793087064
SB,reduced,TIGHT,6426,847,0.5324675324675324,0.5245105519143597,926,0.6133909287257019,0.5748489800268208,961,0.6004162330905307,0.625411482979043,1013,0.667324777887463,0.6748383735116193,1852,0.7338012958963283,0.747743561561549,827,0.8222490931076178,0.8280079638084289,0,,,0.8576873857996061,0.8811718681077595
TOV,full,ALL,6647,1096,0.4927007299270073,0.5250253435399871,1057,0.5695364238410596,0.5742613067553249,872,0.6032110091743119,0.6251730323969076,817,0.6744186046511628,0.6745763156099014,1798,0.7441601779755284,0.7494527409171556,986,0.8326572008113591,0.8364809366611549,21,0.8571428571428571,0.907975606476039,0.8823268373259665,0.928345186387123
TOV,full,TIGHT,6647,1117,0.4977618621307073,0.5246653271162408,1084,0.5719557195571956,0.5736902861256121,899,0.60734149054505,0.625030162281418,834,0.6834532374100719,0.6749009121047744,1828,0.7478118161925602,0.7495617909720647,872,0.841743119266055,0.8356533107096957,13,0.7692307692307693,0.9056575507691658,0.8762152415275327,0.9230860306598
TOV,reduced,ALL,6647,1086,0.5165745856353591,0.5240194588651431,961,0.562955254942768,0.5745392017747847,998,0.6232464929859719,0.6239460754917523,898,0.6481069042316259,0.6746847078114893,1727,0.7492762015055009,0.7487928760370394,971,0.8383110195674562,0.8349261430402711,6,0.8333333333333334,0.9060136600199032,0.8764615429498174,0.9177045637345228
TOV,reduced,TIGHT,6647,1124,0.5151245551601423,0.523855691605112,1005,0.5582089552238806,0.5749319860017968,995,0.6301507537688442,0.6241331010677147,927,0.6526429341963322,0.6745437275839983,1730,0.7572254335260116,0.7484918205315373,865,0.8450867052023121,0.8322658557282115,1,1.0,0.9112846388115572,0.8693193903008802,0.9112846388115572
FTA,full,ALL,7266,1742,0.518369690011481,0.5247777468835408,1621,0.5724861196792104,0.5745397644368573,1449,0.6066252587991718,0.6239617693356909,1152,0.6432291666666666,0.6733690639471988,1214,0.7075782537067545,0.7380833746138451,88,0.7613636363636364,0.8133597896339292,0,,,0.8024529946809017,0.8446651620708543
FTA,full,TIGHT,7266,1804,0.5338137472283814,0.524774022335573,1686,0.5693950177935944,0.5747032170226248,1511,0.6154864328259431,0.6236047136056615,1183,0.6390532544378699,0.6736112878535503,1062,0.7278719397363466,0.7343334047925533,20,0.8,0.8085824257120201,0,,,0.7833269503533082,0.8236289574450502
FTA,reduced,ALL,7266,1719,0.5130890052356021,0.5251064716456916,1688,0.5829383886255924,0.5745120103577707,1458,0.5973936899862826,0.6240457197938439,1097,0.6444849589790337,0.6740780495154794,1196,0.7132107023411371,0.7385985921976367,108,0.7962962962962963,0.8145116089560327,0,,,0.8069487186533177,0.8509027237551313
FTA,reduced,TIGHT,7266,1823,0.5074053757542513,0.5249275267217964,1755,0.5749287749287749,0.5742566744694753,1514,0.6109643328929987,0.6238885869879265,1144,0.6538461538461539,0.6741521044039348,1014,0.7337278106508875,0.7348802718977753,16,0.875,0.8102982369052266,0,,,0.7833939614818234,0.8251448036302267
FTM,full,ALL,7055,1616,0.5235148514851485,0.5246988498474167,1512,0.5707671957671958,0.5743010437460464,1333,0.6316579144786196,0.6241652927825062,1097,0.6681859617137648,0.6749313696642991,1362,0.7364170337738619,0.7419605761216312,135,0.8074074074074075,0.814925248159893,0,,,0.81235141838559,0.8478778293652731
FTM,full,TIGHT,7055,1711,0.5125657510227937,0.5247262883111963,1535,0.5758957654723127,0.5748753586077113,1356,0.6393805309734514,0.6244163155694459,1152,0.6744791666666666,0.674914446161847,1253,0.7517956903431764,0.7387358202270978,48,0.7916666666666666,0.8087750852346695,0,,,0.7947427661491687,0.8289844648279847
FTM,reduced,ALL,7055,1617,0.5349412492269635,0.5250937665622962,1518,0.5638998682476943,0.5741308204466334,1302,0.6382488479262672,0.6241891859029137,1092,0.6620879120879121,0.67470508161369,1352,0.7455621301775148,0.7419409308448134,174,0.7701149425287356,0.8177254631228109,0,,,0.8190781247640009,0.8607476156242861
FTM,reduced,TIGHT,7055,1739,0.5261644623346751,0.5254234886614052,1493,0.5626255860683188,0.5746600059651691,1364,0.6466275659824047,0.6242963621096161,1134,0.6798941798941799,0.6745823510040083,1255,0.7521912350597609,0.7384744813416263,70,0.7714285714285715,0.8110195914032572,0,,,0.7996372222379697,0.8399934946014144
FGA,full,ALL,7892,2552,0.5270376175548589,0.5249281618180822,2339,0.5737494655835828,0.573896293441867,1710,0.632748538011696,0.6231535258338718,933,0.6977491961414791,0.6710221138446149,354,0.7429378531073446,0.7280937738834075,4,1.0,0.8061982301552153,0,,,0.7452598344782837,0.81345168211023
FGA,full,TIGHT,7892,3005,0.540099833610649,0.524807739550993,2570,0.5910505836575876,0.5731877762140646,1618,0.6520395550061805,0.6223153872014768,564,0.7287234042553191,0.6695776312700448,135,0.7407407407407407,0.7206908453608607,0,,,0,,,0.7119274189708348,0.7754943422902331
FGA,reduced,ALL,7892,2798,0.5275196568977841,0.524660821361618,2448,0.5772058823529411,0.5738076087147026,1591,0.6348208673790069,0.6230415667326848,767,0.6805736636245111,0.6705193762746093,288,0.7569444444444444,0.7261732343194084,0,,,0,,,0.7372271835840325,0.7970667883057153
FGA,reduced,TIGHT,7892,3201,0.5257731958762887,0.5247744542016278,2532,0.6015007898894155,0.5731920941614396,1490,0.6563758389261745,0.6220584899452923,545,0.7137614678899082,0.6692840282745244,124,0.7258064516129032,0.722253758607416,0,,,0,,,0.711854600234812,0.7680311375267593
FGM,full,ALL,7271,1846,0.5254604550379198,0.5249364087968009,1771,0.5652173913043478,0.5746310748864041,1521,0.6344510190664037,0.6241720291011742,1133,0.6849073256840247,0.67296793771296,981,0.7380224260958206,0.7354918803499523,19,0.8421052631578947,0.8138502190927073,0,,,0.7798935774073075,0.8551523609093997
FGM,full,TIGHT,7271,1872,0.5272435897435898,0.5245859210406885,1818,0.5715071507150715,0.5745873911057816,1510,0.6304635761589404,0.624096818414757,1119,0.6899016979445934,0.6729066681857095,937,0.7427961579509071,0.7350722042449358,15,0.8666666666666667,0.8135016651221878,0,,,0.7770354015858856,0.8511749198570587
FGM,reduced,ALL,7271,1801,0.5441421432537479,0.524979096191517,1775,0.5695774647887324,0.5746866033234657,1493,0.6262558606831882,0.6235434022020323,1119,0.6818588025022342,0.6734600478916519,1048,0.7471374045801527,0.7375129173688378,35,0.7428571428571429,0.812613660676226,0,,,0.7895980159529888,0.8303843895333903
FGM,reduced,TIGHT,7271,1851,0.5370070232306862,0.524949849390337,1787,0.5780637940682708,0.5746840199069608,1503,0.624750499001996,0.6234988062351746,1084,0.683579335793358,0.67338652811107,1014,0.7514792899408284,0.7366118436972747,32,0.75,0.810339225046435,0,,,0.7867142655868316,0.826753000301796
3PM,full,ALL,6232,1057,0.5231788079470199,0.5250687570896089,1017,0.5614552605703048,0.5749152304148252,966,0.639751552795031,0.6247825178040406,899,0.6840934371523916,0.6744131669136612,1507,0.7471798274717982,0.7476941919894428,664,0.8704819277108434,0.833537516699853,122,0.9918032786885246,0.9284016695832256,0.9323709256362116,0.9372522809633784
3PM,full,TIGHT,6232,1065,0.5154929577464789,0.5249500519359465,1014,0.5571992110453649,0.574426174119175,971,0.646755921730175,0.6245068981723547,907,0.6868798235942668,0.6746874259208857,1495,0.745819397993311,0.7478145829347926,659,0.8710166919575114,0.8329792619642096,121,0.9917355371900828,0.9274712949541932,0.9312155374722632,0.9361219174885242
3PM,reduced,ALL,6232,1098,0.4954462659380692,0.5251177658807848,1015,0.5635467980295567,0.5739691689800808,945,0.6423280423280423,0.6248792820684906,892,0.7017937219730942,0.6752207723963949,1550,0.7393548387096774,0.7472436697403942,630,0.8650793650793651,0.8326889915964473,102,1.0,0.9270294268620298,0.9286475626419702,0.9329041611189924
3PM,reduced,TIGHT,6232,1131,0.497789566755084,0.5252186224884827,1006,0.5606361829025845,0.5738716254806083,951,0.6435331230283912,0.6248441735379388,893,0.7110862262038073,0.6755228733417079,1541,0.7391304347826086,0.7469357285665186,609,0.8686371100164204,0.8314039502757246,101,1.0,0.9247432020083596,0.9261180780410349,0.9304286737215156
3PA,full,ALL,6853,1650,0.5442424242424242,0.524941661269934,1594,0.5595984943538268,0.5746996796826811,1356,0.6320058997050148,0.623723094390877,1022,0.6585127201565558,0.6739073914898946,1010,0.7514851485148515,0.7396149457811285,179,0.88268156424581,0.8507628541382212,42,0.9285714285714286,0.905032119541167,0.8927531963433473,0.909116743425768
3PA,full,TIGHT,6853,1776,0.5371621621621622,0.5248502733495941,1655,0.5734138972809668,0.5743903008806164,1375,0.6407272727272727,0.6233346890200742,974,0.6704312114989733,0.6733791484992533,905,0.7580110497237569,0.7370541590220023,168,0.9226190476190476,0.8631273900477238,0,,,0.8776111789876457,0.8946000483826401
3PA,reduced,ALL,6853,1616,0.5198019801980198,0.5244646327876709,1566,0.5715197956577267,0.5744218484593685,1330,0.6120300751879699,0.6231832277624683,1060,0.6716981132075471,0.6743920266525525,1071,0.7469654528478058,0.7399818420283596,160,0.8625,0.8528240908597983,50,0.94,0.9065792029447202,0.8932549580941734,0.9133252728240286
3PA,reduced,TIGHT,6853,1724,0.5261020881670534,0.5245898348837265,1622,0.5745992601726264,0.574828122827216,1313,0.6214775323686215,0.6233245493341808,1023,0.6695992179863147,0.6736083830166174,992,0.7600806451612904,0.7369096524140352,176,0.9034090909090908,0.8635172776447263,3,1.0,0.90108218593157,0.8813943271555674,0.9020750321612716
