Rank,Player,Stat,Line,Pick,Confidence,Tier,Recommendation,Rank Score,Result,Actual value,FULL_ALL Pick,FULL_ALL Confidence,FULL_ALL Rank score,FULL_ALL Result,FULL_TIGHT Pick,FULL_TIGHT Confidence,FULL_TIGHT Rank score,FULL_TIGHT Result,REDUCED_ALL Pick,REDUCED_ALL Confidence,REDUCED_ALL Rank score,REDUCED_ALL Result,REDUCED_TIGHT Pick,REDUCED_TIGHT Confidence,REDUCED_TIGHT Rank score,REDUCED_TIGHT Result,z_line,z_recent,z_matchup,line_diff,momentum,last10,last5,probability_std,Agreement ratio
1,Victor Wembanyama,STL,1.5,UNDER,81.0%,A,STRONG BET,78.26,NO GAME,,UNDER,85.6%,82.93,NO GAME,UNDER,85.4%,82.69,NO GAME,UNDER,76.5%,73.8,NO GAME,UNDER,76.3%,73.62,NO GAME,-0.49,-0.1,-3.0,-0.1,-0.4,1.4,1.2,0.0455,100.0%
2,Giannis Antetokounmpo,STL,1.5,UNDER,77.6%,A,STRONG BET,76.21,✅ HIT,1.0,UNDER,75.7%,74.31,✅ HIT,UNDER,75.5%,74.19,✅ HIT,UNDER,79.6%,78.28,✅ HIT,UNDER,79.4%,78.06,✅ HIT,-0.36,-0.2,-1.86,-0.3,-0.23,1.6,1.6,0.0196,100.0%
3,Jaime Jaquez Jr.,TOV,2.5,UNDER,78.8%,A,STRONG BET,76.16,✅ HIT,0.0,UNDER,77.8%,75.15,✅ HIT,UNDER,77.2%,74.61,✅ HIT,UNDER,80.4%,77.78,✅ HIT,UNDER,79.7%,77.09,✅ HIT,-0.49,-1.74,-2.0,-1.3,0.93,2.0,2.0,0.0131,100.0%
4,VJ Edgecombe,FGA,17.5,UNDER,81.4%,D,STRONG BET,76.0,✅ HIT,14.0,UNDER,83.0%,77.6,✅ HIT,UNDER,79.2%,73.73,✅ HIT,UNDER,83.3%,77.86,✅ HIT,UNDER,80.2%,74.8,✅ HIT,-1.07,-0.84,-0.92,-3.3,-0.91,1.6,1.6,0.0177,100.0%
5,Dyson Daniels,3PM,0.5,UNDER,75.8%,S,STRONG BET,75.72,NO GAME,,UNDER,76.3%,76.15,NO GAME,UNDER,76.2%,76.11,NO GAME,UNDER,75.5%,75.4,NO GAME,UNDER,75.3%,75.24,NO GAME,-0.63,-0.2,-0.58,-0.1,-0.21,1.6,1.2,0.0041,100.0%
6,Dyson Daniels,STL,2.5,UNDER,73.0%,A,STRONG BET,74.93,NO GAME,,UNDER,68.9%,70.82,NO GAME,UNDER,68.9%,70.82,NO GAME,UNDER,77.2%,79.13,NO GAME,UNDER,77.0%,78.95,NO GAME,-0.37,-0.06,1.73,-0.1,-0.5,1.2,1.2,0.0411,100.0%
7,Ivica Zubac,REB,6.5,OVER,80.3%,B,STRONG BET,74.85,❌ MISS,6.0,OVER,80.0%,74.56,❌ MISS,OVER,79.6%,74.17,❌ MISS,OVER,81.0%,75.62,❌ MISS,OVER,80.5%,75.05,❌ MISS,-0.93,-0.85,-1.14,-4.1,-0.4,2.0,2.0,0.0054,100.0%
8,Stephon Castle,STL,1.5,UNDER,79.1%,A,STRONG BET,74.58,✅ HIT,0.0,UNDER,77.9%,73.29,✅ HIT,UNDER,77.7%,73.13,✅ HIT,UNDER,80.6%,76.06,✅ HIT,UNDER,80.4%,75.83,✅ HIT,-0.31,-1.12,-4.5,-0.9,0.65,1.6,1.6,0.0137,100.0%
9,Josh Giddey,TOV,4.5,UNDER,76.0%,A,STRONG BET,74.17,❌ MISS,6.0,UNDER,75.7%,73.84,❌ MISS,UNDER,75.1%,73.34,❌ MISS,UNDER,76.9%,75.05,❌ MISS,UNDER,76.2%,74.43,❌ MISS,-1.38,-0.79,-0.17,-0.5,-0.37,1.4,1.6,0.0064,100.0%
10,Quentin Grimes,3PA,7.5,UNDER,78.1%,B,STRONG BET,73.71,❌ MISS,8.0,UNDER,78.5%,74.15,❌ MISS,UNDER,77.1%,72.74,❌ MISS,UNDER,78.9%,74.53,❌ MISS,UNDER,77.8%,73.44,❌ MISS,-0.91,-0.96,-1.73,-2.3,0.12,1.4,1.2,0.0068,100.0%
11,Quentin Grimes,AST,4.5,UNDER,78.5%,C,STRONG BET,73.68,❌ MISS,5.0,UNDER,78.6%,73.81,❌ MISS,UNDER,76.8%,72.08,❌ MISS,UNDER,80.0%,75.27,❌ MISS,UNDER,78.3%,73.57,❌ MISS,-1.48,-3.07,-0.91,-2.3,1.19,1.8,2.0,0.0113,100.0%
12,VJ Edgecombe,AST,4.5,UNDER,75.5%,C,STRONG BET,73.53,✅ HIT,0.0,UNDER,76.8%,74.78,✅ HIT,UNDER,75.2%,73.13,✅ HIT,UNDER,75.9%,73.85,✅ HIT,UNDER,74.4%,72.34,✅ HIT,-0.43,-0.81,-2.0,-1.1,0.51,1.8,1.6,0.009,100.0%
13,Jalen Suggs,TOV,2.5,UNDER,71.1%,A,STRONG BET,72.91,❌ MISS,3.0,UNDER,73.2%,75.04,❌ MISS,UNDER,72.8%,74.6,❌ MISS,UNDER,69.4%,71.21,❌ MISS,UNDER,68.9%,70.79,❌ MISS,0.03,-0.07,0.46,-0.1,0.14,1.4,1.6,0.0192,100.0%
14,Quentin Grimes,REB,4.5,UNDER,73.8%,B,STRONG BET,72.24,✅ HIT,3.0,UNDER,74.4%,72.78,✅ HIT,UNDER,72.9%,71.24,✅ HIT,UNDER,74.8%,73.22,✅ HIT,UNDER,73.3%,71.71,✅ HIT,-0.59,-0.2,-1.34,-0.3,-0.57,1.4,0.8,0.008,100.0%
15,Bam Adebayo,STL,1.5,UNDER,71.3%,A,STRONG BET,71.97,✅ HIT,1.0,UNDER,70.3%,70.97,✅ HIT,UNDER,70.3%,70.94,✅ HIT,UNDER,72.4%,73.04,✅ HIT,UNDER,72.3%,72.93,✅ HIT,-0.2,0.36,-0.71,0.7,-1.1,1.6,1.2,0.0101,100.0%
16,Quentin Grimes,RA,8.5,UNDER,74.7%,C,STRONG BET,71.96,✅ HIT,8.0,UNDER,76.2%,73.51,✅ HIT,UNDER,73.6%,70.94,✅ HIT,UNDER,75.7%,73.04,✅ HIT,UNDER,73.0%,70.35,✅ HIT,-0.69,-0.97,-1.15,-2.1,0.62,1.6,1.6,0.0134,100.0%
17,LeBron James,STL,1.5,UNDER,70.6%,A,STRONG BET,71.43,❌ MISS,2.0,UNDER,68.1%,68.97,❌ MISS,UNDER,68.1%,68.98,❌ MISS,UNDER,73.1%,73.96,❌ MISS,UNDER,73.0%,73.84,❌ MISS,-0.35,-0.26,0.46,-0.3,-0.11,1.4,1.2,0.0246,100.0%
18,Desmond Bane,STL,1.5,UNDER,71.7%,A,STRONG BET,71.18,❌ MISS,3.0,UNDER,71.5%,70.98,❌ MISS,UNDER,71.4%,70.93,❌ MISS,UNDER,72.0%,71.45,❌ MISS,UNDER,71.9%,71.35,❌ MISS,-0.34,-0.2,-0.66,-0.3,-0.2,1.2,1.6,0.0022,100.0%
19,De'Aaron Fox,STL,1.5,UNDER,72.6%,A,STRONG BET,71.17,✅ HIT,1.0,UNDER,71.2%,69.72,✅ HIT,UNDER,71.1%,69.68,✅ HIT,UNDER,74.2%,72.7,✅ HIT,UNDER,74.0%,72.56,✅ HIT,-0.45,-0.79,-1.33,-0.5,0.21,1.4,1.6,0.0147,100.0%
20,Kevin Porter Jr.,3PM,1.5,UNDER,71.2%,S,STRONG BET,71.05,✅ HIT,0.0,UNDER,73.7%,73.59,✅ HIT,UNDER,73.7%,73.58,✅ HIT,UNDER,68.7%,68.55,✅ HIT,UNDER,68.6%,68.51,✅ HIT,-0.29,-0.94,-0.5,-0.7,0.49,1.8,1.6,0.0253,100.0%
21,Trae Young,AST,5.5,OVER,75.5%,C,STRONG BET,71.02,✅ HIT,6.0,OVER,76.7%,72.25,✅ HIT,OVER,74.3%,69.82,✅ HIT,OVER,76.7%,72.25,✅ HIT,OVER,74.2%,69.76,✅ HIT,-0.92,-1.05,-1.21,-3.5,0.42,1.8,2.0,0.0123,100.0%
22,Desmond Bane,3PM,2.5,UNDER,72.2%,S,STRONG BET,70.68,✅ HIT,2.0,UNDER,72.4%,70.92,✅ HIT,UNDER,72.4%,70.92,✅ HIT,UNDER,72.0%,70.49,✅ HIT,UNDER,71.9%,70.39,✅ HIT,-0.46,-1.08,-0.66,-1.1,0.63,1.2,1.6,0.0024,100.0%
23,Jalen Johnson,RA,18.5,UNDER,72.2%,C,STRONG BET,70.46,✅ HIT,18.0,UNDER,70.7%,69.0,✅ HIT,UNDER,68.5%,66.76,✅ HIT,UNDER,76.1%,74.4,✅ HIT,UNDER,73.4%,71.69,✅ HIT,-0.03,-1.08,-2.07,-5.5,5.34,1.6,2.0,0.0287,100.0%
24,Jalen Suggs,AST,6.5,UNDER,71.8%,C,STRONG BET,70.44,❌ MISS,8.0,UNDER,72.5%,71.14,❌ MISS,UNDER,71.1%,69.73,❌ MISS,UNDER,72.5%,71.1,❌ MISS,UNDER,71.2%,69.8,❌ MISS,-0.51,-0.52,-0.31,-1.3,0.04,1.2,1.2,0.0068,100.0%
25,Jaylen Wells,3PA,7.5,UNDER,78.9%,B,STRONG BET,70.4,✅ HIT,7.0,UNDER,78.1%,69.58,✅ HIT,UNDER,76.7%,68.19,✅ HIT,UNDER,81.0%,72.48,✅ HIT,UNDER,79.9%,71.33,✅ HIT,-2.12,0.1,-5.73,0.1,-2.27,1.4,0.8,0.0164,100.0%
26,Luka Dončić,SB,2.5,UNDER,69.7%,A,BET,70.24,❌ MISS,4.0,UNDER,67.9%,68.44,❌ MISS,UNDER,67.7%,68.22,❌ MISS,UNDER,71.9%,72.36,❌ MISS,UNDER,71.4%,71.92,❌ MISS,-0.34,0.35,-0.42,0.5,-0.98,1.4,0.8,0.0191,100.0%
27,Trae Young,PTS,13.5,OVER,76.6%,D,STRONG BET,69.46,✅ HIT,15.0,OVER,78.2%,71.12,✅ HIT,OVER,77.1%,70.01,✅ HIT,OVER,76.1%,68.99,✅ HIT,OVER,74.9%,67.74,✅ HIT,-0.67,-0.6,-2.04,-4.5,-0.5,1.2,1.2,0.0125,100.0%
28,Devin Booker,REB,4.5,UNDER,68.8%,B,STRONG BET,69.36,❌ MISS,7.0,UNDER,71.1%,71.67,❌ MISS,UNDER,69.6%,70.17,❌ MISS,UNDER,67.9%,68.5,❌ MISS,UNDER,66.5%,67.1,❌ MISS,-0.53,-0.1,0.15,-0.1,-0.44,1.6,1.2,0.0172,100.0%
29,Quentin Grimes,3PM,2.5,UNDER,71.8%,S,STRONG BET,69.21,✅ HIT,1.0,UNDER,72.4%,69.79,✅ HIT,UNDER,72.4%,69.8,✅ HIT,UNDER,71.2%,68.67,✅ HIT,UNDER,71.1%,68.58,✅ HIT,-0.56,-1.19,-1.51,-1.5,0.8,1.4,1.6,0.0059,100.0%
30,Jalen Green,STL,1.5,UNDER,68.8%,A,BET,69.12,❌ MISS,4.0,UNDER,67.5%,67.83,❌ MISS,UNDER,67.5%,67.85,❌ MISS,UNDER,70.1%,70.44,❌ MISS,UNDER,70.0%,70.37,❌ MISS,-0.26,-0.2,-0.0,-0.3,-0.08,1.2,1.6,0.0129,100.0%
31,Cooper Flagg,AST,5.5,UNDER,73.3%,C,STRONG BET,69.12,❌ MISS,7.0,UNDER,73.6%,69.38,❌ MISS,UNDER,72.1%,67.91,❌ MISS,UNDER,74.5%,70.3,❌ MISS,UNDER,73.1%,68.87,❌ MISS,-0.81,-0.32,-3.0,-0.5,-0.75,1.2,0.8,0.0086,100.0%
32,Shai Gilgeous-Alexander,FTM,8.5,UNDER,67.9%,B,STRONG BET,68.97,✅ HIT,7.0,UNDER,69.1%,70.21,✅ HIT,UNDER,68.3%,69.38,✅ HIT,UNDER,67.4%,68.51,✅ HIT,UNDER,66.7%,67.79,✅ HIT,-0.07,-0.03,0.25,-0.1,-0.16,1.2,1.2,0.0091,100.0%
33,Alex Sarr,REB,5.5,OVER,72.5%,B,STRONG BET,68.94,❌ MISS,4.0,OVER,73.3%,69.75,❌ MISS,OVER,73.1%,69.6,❌ MISS,OVER,71.9%,68.34,❌ MISS,OVER,71.6%,68.07,❌ MISS,-0.77,-0.68,-1.52,-1.9,-0.25,1.6,1.6,0.0074,100.0%
34,Josh Giddey,3PM,2.5,UNDER,68.1%,S,BET,68.82,❌ MISS,6.0,UNDER,67.5%,68.18,❌ MISS,UNDER,67.5%,68.24,❌ MISS,UNDER,68.7%,69.44,❌ MISS,UNDER,68.7%,69.4,❌ MISS,-0.55,0.6,0.1,0.7,-1.34,1.2,0.8,0.0061,100.0%
35,Quentin Grimes,PA,22.5,UNDER,76.1%,D,STRONG BET,68.74,✅ HIT,19.0,UNDER,76.8%,69.41,✅ HIT,UNDER,76.6%,69.25,✅ HIT,UNDER,75.7%,68.3,✅ HIT,UNDER,75.4%,68.02,✅ HIT,-0.69,-0.39,-1.56,-3.5,-2.63,1.4,1.2,0.006,100.0%
36,Dyson Daniels,REB,7.5,UNDER,69.1%,B,STRONG BET,68.72,NO GAME,,UNDER,68.7%,68.35,NO GAME,UNDER,67.2%,66.89,NO GAME,UNDER,70.9%,70.55,NO GAME,UNDER,69.4%,69.09,NO GAME,-0.42,-0.14,-0.1,-0.3,-0.59,1.2,1.2,0.0132,100.0%
37,Chet Holmgren,3PA,4.5,UNDER,66.8%,B,STRONG BET,68.67,✅ HIT,4.0,UNDER,63.5%,65.34,✅ HIT,UNDER,63.0%,64.87,✅ HIT,UNDER,70.7%,72.59,✅ HIT,UNDER,70.0%,71.88,✅ HIT,-0.24,-0.08,1.5,-0.3,-0.59,1.6,1.2,0.0358,100.0%
38,Alex Sarr,PRA,18.5,OVER,79.1%,D,STRONG BET,68.62,✅ HIT,20.0,OVER,79.7%,69.15,✅ HIT,OVER,79.2%,68.7,✅ HIT,OVER,78.7%,68.24,✅ HIT,OVER,78.9%,68.39,✅ HIT,-1.14,-0.64,-1.46,-5.1,-3.96,1.8,1.6,0.0035,100.0%
39,Jalen Johnson,REB,10.5,UNDER,69.2%,B,STRONG BET,68.51,✅ HIT,9.0,UNDER,69.6%,68.94,✅ HIT,UNDER,68.1%,67.45,✅ HIT,UNDER,70.2%,69.56,✅ HIT,UNDER,68.8%,68.11,✅ HIT,-0.04,-1.61,-0.3,-3.9,3.8,1.4,2.0,0.008,100.0%
40,Devin Booker,FTM,7.5,UNDER,69.1%,B,STRONG BET,68.5,❌ MISS,11.0,UNDER,70.0%,69.38,❌ MISS,UNDER,69.1%,68.47,❌ MISS,UNDER,69.1%,68.53,❌ MISS,UNDER,68.2%,67.63,❌ MISS,-0.16,-0.19,-1.1,-0.9,0.16,1.6,1.6,0.0062,100.0%
41,Trae Young,3PA,4.5,OVER,71.7%,B,STRONG BET,68.31,❌ MISS,4.0,OVER,73.4%,70.05,❌ MISS,OVER,71.2%,67.88,❌ MISS,OVER,71.9%,68.59,❌ MISS,OVER,70.1%,66.74,❌ MISS,-0.85,-0.88,-1.77,-1.3,0.05,1.4,1.6,0.012,100.0%
42,Jaime Jaquez Jr.,PR,23.5,UNDER,75.3%,D,STRONG BET,68.22,✅ HIT,10.0,UNDER,74.7%,67.58,✅ HIT,UNDER,74.0%,66.9,✅ HIT,UNDER,76.3%,69.24,✅ HIT,UNDER,76.2%,69.14,✅ HIT,-0.56,-0.31,-4.53,-1.7,-1.37,1.4,0.8,0.01,100.0%
43,Chet Holmgren,SB,2.5,UNDER,68.5%,A,BET,68.12,✅ HIT,0.0,UNDER,70.8%,70.38,✅ HIT,UNDER,70.4%,70.06,✅ HIT,UNDER,66.5%,66.14,✅ HIT,UNDER,66.3%,65.9,✅ HIT,-0.02,0.19,-1.5,0.3,-0.34,1.0,0.8,0.021,100.0%
44,VJ Edgecombe,PTS,19.5,UNDER,72.7%,D,STRONG BET,68.07,✅ HIT,10.0,UNDER,74.2%,69.53,✅ HIT,UNDER,73.7%,69.09,✅ HIT,UNDER,71.6%,66.99,✅ HIT,UNDER,71.3%,66.69,✅ HIT,-0.64,-0.17,-0.71,-1.1,-2.99,1.0,0.8,0.0125,100.0%
45,VJ Edgecombe,3PA,6.5,UNDER,68.2%,B,STRONG BET,68.04,✅ HIT,5.0,UNDER,69.5%,69.37,✅ HIT,UNDER,68.6%,68.46,✅ HIT,UNDER,67.6%,67.43,✅ HIT,UNDER,67.1%,66.9,✅ HIT,-0.26,-0.3,-0.25,-0.9,0.12,1.4,1.6,0.0095,100.0%
46,Quentin Grimes,PTS,18.5,UNDER,74.6%,D,STRONG BET,67.91,✅ HIT,14.0,UNDER,76.3%,69.61,✅ HIT,UNDER,75.8%,69.12,✅ HIT,UNDER,73.3%,66.63,✅ HIT,UNDER,73.0%,66.28,✅ HIT,-0.67,-0.21,-1.72,-1.7,-3.82,1.4,1.2,0.0147,100.0%
47,Desmond Bane,3PA,5.5,UNDER,70.3%,B,STRONG BET,67.87,✅ HIT,5.0,UNDER,71.8%,69.42,✅ HIT,UNDER,70.8%,68.36,✅ HIT,UNDER,69.6%,67.18,✅ HIT,UNDER,68.9%,66.53,✅ HIT,-0.29,-1.74,-1.3,-1.7,1.42,1.2,2.0,0.0111,100.0%
48,Jaime Jaquez Jr.,PRA,28.5,UNDER,75.2%,D,STRONG BET,67.84,✅ HIT,17.0,UNDER,75.5%,68.13,✅ HIT,UNDER,74.8%,67.51,✅ HIT,UNDER,75.3%,68.0,✅ HIT,UNDER,75.0%,67.71,✅ HIT,-0.71,-0.15,-4.47,-0.7,-2.7,1.4,0.8,0.0024,100.0%
49,Giannis Antetokounmpo,3PM,0.5,UNDER,78.4%,S,STRONG BET,67.72,✅ HIT,0.0,UNDER,79.1%,68.34,✅ HIT,UNDER,79.0%,68.27,✅ HIT,UNDER,78.0%,67.22,✅ HIT,UNDER,77.8%,67.02,✅ HIT,-6.0,-6.0,-0.27,-0.5,0.44,1.6,2.0,0.0059,100.0%
50,Jaylen Wells,3PM,2.5,UNDER,69.2%,S,BET,67.64,❌ MISS,3.0,UNDER,68.2%,66.59,❌ MISS,UNDER,68.2%,66.64,❌ MISS,UNDER,70.3%,68.71,❌ MISS,UNDER,70.2%,68.64,❌ MISS,-0.82,0.94,-2.12,0.7,-1.31,1.0,0.4,0.0103,100.0%
51,Chet Holmgren,3PM,1.5,UNDER,64.6%,S,BET WITH CAUTION,67.47,✅ HIT,1.0,UNDER,62.3%,65.09,✅ HIT,UNDER,62.4%,65.21,✅ HIT,UNDER,67.0%,69.81,✅ HIT,UNDER,67.0%,69.8,✅ HIT,-0.1,0.04,1.5,0.1,-0.31,1.6,1.6,0.0233,100.0%
52,VJ Edgecombe,PA,23.5,UNDER,72.0%,D,STRONG BET,67.4,✅ HIT,10.0,UNDER,74.6%,70.07,✅ HIT,UNDER,74.5%,69.89,✅ HIT,UNDER,69.6%,65.0,✅ HIT,UNDER,69.2%,64.66,✅ HIT,-0.55,-0.23,-0.81,-1.7,-2.47,1.2,0.8,0.0258,100.0%
53,Josh Giddey,STL,1.5,UNDER,67.9%,A,BET,67.36,❌ MISS,2.0,UNDER,65.5%,64.92,❌ MISS,UNDER,65.5%,64.98,❌ MISS,UNDER,70.3%,69.8,❌ MISS,UNDER,70.3%,69.73,❌ MISS,-0.83,-0.79,0.4,-0.5,-0.02,1.2,1.6,0.0241,100.0%
54,Tyler Herro,TOV,2.5,UNDER,68.1%,A,BET,67.32,NO GAME,,UNDER,68.8%,68.06,NO GAME,UNDER,68.5%,67.73,NO GAME,UNDER,67.7%,66.94,NO GAME,UNDER,67.3%,66.57,NO GAME,-0.37,-0.06,-0.71,-0.1,-0.5,1.0,0.8,0.0059,100.0%
55,Shai Gilgeous-Alexander,PTS,30.5,UNDER,61.2%,D,DO NOT BET,67.2,❌ MISS,35.0,UNDER,62.2%,68.19,❌ MISS,UNDER,62.2%,68.13,❌ MISS,UNDER,60.2%,66.18,❌ MISS,UNDER,60.3%,66.31,❌ MISS,0.3,0.07,3.0,0.3,0.9,1.4,1.2,0.0096,100.0%
56,Jaylen Wells,AST,2.5,UNDER,69.2%,C,STRONG BET,67.2,✅ HIT,2.0,UNDER,71.9%,69.87,✅ HIT,UNDER,70.5%,68.5,✅ HIT,UNDER,67.7%,65.7,✅ HIT,UNDER,66.8%,64.75,✅ HIT,-0.93,-1.68,-0.19,-1.5,0.67,1.6,2.0,0.0207,100.0%
57,Victor Wembanyama,SB,4.5,UNDER,67.0%,A,BET,67.17,NO GAME,,UNDER,69.5%,69.69,NO GAME,UNDER,69.3%,69.42,NO GAME,UNDER,64.7%,64.87,NO GAME,UNDER,64.5%,64.7,NO GAME,-0.26,0.56,-0.25,1.1,-1.6,0.6,0.4,0.0239,100.0%
58,Cade Cunningham,3PM,2.5,UNDER,66.6%,S,BET,67.12,✅ HIT,0.0,UNDER,67.0%,67.56,✅ HIT,UNDER,67.1%,67.62,✅ HIT,UNDER,66.1%,66.65,✅ HIT,UNDER,66.1%,66.65,✅ HIT,-0.2,0.34,-0.0,0.7,-1.11,0.8,0.8,0.0047,100.0%
59,Cade Cunningham,SB,2.5,UNDER,68.9%,A,BET,67.06,❌ MISS,3.0,UNDER,70.7%,68.84,❌ MISS,UNDER,70.3%,68.52,❌ MISS,UNDER,67.4%,65.58,❌ MISS,UNDER,67.1%,65.31,❌ MISS,-0.19,-1.68,-1.0,-1.5,1.33,1.2,2.0,0.0162,100.0%
60,Cooper Flagg,3PM,0.5,OVER,70.2%,S,STRONG BET,66.94,❌ MISS,0.0,OVER,69.9%,66.67,❌ MISS,OVER,69.5%,66.25,❌ MISS,OVER,71.0%,67.75,❌ MISS,OVER,70.3%,67.09,❌ MISS,-1.1,-0.2,-3.0,-0.1,-0.44,1.6,1.2,0.0055,100.0%
61,Derrick White,BLK,1.5,UNDER,64.2%,S,BET,66.93,NO GAME,,UNDER,63.0%,65.77,NO GAME,UNDER,63.4%,66.19,NO GAME,UNDER,64.9%,67.69,NO GAME,UNDER,65.3%,68.07,NO GAME,-0.07,-1.12,3.0,-0.9,0.84,1.0,1.6,0.0097,100.0%
62,Quentin Grimes,PRA,26.5,UNDER,74.5%,D,STRONG BET,66.92,✅ HIT,22.0,UNDER,75.8%,68.13,✅ HIT,UNDER,75.1%,67.51,✅ HIT,UNDER,73.8%,66.17,✅ HIT,UNDER,73.5%,65.86,✅ HIT,-0.65,-0.33,-1.53,-3.3,-3.2,1.4,1.2,0.0094,100.0%
63,Jaime Jaquez Jr.,PA,22.5,UNDER,72.3%,D,STRONG BET,66.87,✅ HIT,13.0,UNDER,71.5%,66.14,✅ HIT,UNDER,71.3%,65.94,✅ HIT,UNDER,73.2%,67.85,✅ HIT,UNDER,72.9%,67.54,✅ HIT,-0.55,0.02,-3.37,0.1,-2.78,1.2,0.4,0.0084,100.0%
64,Josh Giddey,FGA,14.5,UNDER,67.2%,D,DO NOT BET,66.6,❌ MISS,17.0,UNDER,68.4%,67.75,❌ MISS,UNDER,66.0%,65.34,❌ MISS,UNDER,68.2%,67.57,❌ MISS,UNDER,66.3%,65.72,❌ MISS,-0.46,-0.73,0.04,-1.7,0.64,1.6,1.6,0.0107,100.0%
65,VJ Edgecombe,TOV,2.5,UNDER,68.5%,A,BET,66.6,❌ MISS,3.0,UNDER,65.1%,63.18,❌ MISS,UNDER,64.9%,62.97,❌ MISS,UNDER,72.3%,70.38,❌ MISS,UNDER,71.8%,69.88,❌ MISS,-1.34,-1.84,0.33,-0.9,0.24,1.6,2.0,0.0353,100.0%
66,Nikola Jokić,STL,1.5,UNDER,65.2%,A,BET,66.59,❌ MISS,3.0,UNDER,68.0%,69.37,❌ MISS,UNDER,68.0%,69.38,❌ MISS,UNDER,62.4%,63.75,❌ MISS,UNDER,62.5%,63.83,❌ MISS,-0.05,0.05,0.27,0.1,-0.2,1.2,1.2,0.028,100.0%
67,Alex Sarr,3PM,0.5,OVER,67.5%,S,BET,66.55,✅ HIT,1.0,OVER,67.6%,66.65,✅ HIT,OVER,67.2%,66.24,✅ HIT,OVER,67.9%,66.98,✅ HIT,OVER,67.3%,66.35,✅ HIT,-0.4,-0.81,-0.58,-1.1,0.55,1.4,1.6,0.0029,100.0%
68,Jamal Murray,TOV,2.5,UNDER,66.7%,A,BET,66.3,❌ MISS,4.0,UNDER,66.5%,66.15,❌ MISS,UNDER,66.3%,65.89,❌ MISS,UNDER,67.1%,66.74,❌ MISS,UNDER,66.8%,66.4,❌ MISS,-0.07,-0.19,-1.33,-0.5,0.31,1.4,1.6,0.0031,100.0%
69,Paolo Banchero,3PM,1.5,UNDER,64.9%,S,BET WITH CAUTION,66.23,✅ HIT,0.0,UNDER,67.6%,68.93,✅ HIT,UNDER,67.6%,68.98,✅ HIT,UNDER,62.1%,63.46,✅ HIT,UNDER,62.2%,63.56,✅ HIT,-0.37,0.12,0.5,0.1,-0.4,1.4,1.2,0.0272,100.0%
70,VJ Edgecombe,RA,9.5,UNDER,65.3%,C,BET WITH CAUTION,66.22,✅ HIT,5.0,UNDER,65.4%,66.3,✅ HIT,UNDER,63.6%,64.51,✅ HIT,UNDER,67.1%,68.02,✅ HIT,UNDER,65.1%,66.04,✅ HIT,-0.03,-0.12,-0.25,-0.3,0.23,1.4,0.8,0.0125,100.0%
71,Jaylen Wells,PTS,16.5,UNDER,72.9%,D,STRONG BET,66.07,❌ MISS,23.0,UNDER,74.3%,67.41,❌ MISS,UNDER,73.8%,66.96,❌ MISS,UNDER,72.0%,65.12,❌ MISS,UNDER,71.7%,64.81,❌ MISS,-0.68,-0.12,-3.2,-0.7,-3.17,1.0,0.8,0.0113,100.0%
72,VJ Edgecombe,3PM,2.5,UNDER,65.8%,S,BET,66.07,✅ HIT,0.0,UNDER,67.0%,67.27,✅ HIT,UNDER,67.0%,67.33,✅ HIT,UNDER,64.5%,64.81,✅ HIT,UNDER,64.6%,64.86,✅ HIT,-0.26,-0.41,-0.0,-0.7,0.25,1.4,1.6,0.0124,100.0%
73,Devin Booker,FGA,20.5,UNDER,70.4%,D,STRONG BET,66.0,❌ MISS,31.0,UNDER,72.1%,67.68,❌ MISS,UNDER,69.2%,64.76,❌ MISS,UNDER,71.3%,66.87,❌ MISS,UNDER,69.1%,64.68,❌ MISS,-1.88,-0.4,-0.74,-0.5,-1.88,1.0,0.8,0.0131,100.0%
74,Alex Sarr,PTS,11.5,OVER,71.9%,D,STRONG BET,65.97,✅ HIT,16.0,OVER,74.5%,68.56,✅ HIT,OVER,73.4%,67.48,✅ HIT,OVER,70.4%,64.51,✅ HIT,OVER,69.3%,63.34,✅ HIT,-0.79,-0.35,-0.7,-2.5,-3.19,1.6,1.2,0.0212,100.0%
75,Myles Turner,3PA,4.5,OVER,66.8%,B,STRONG BET,65.74,✅ HIT,5.0,OVER,68.5%,67.43,✅ HIT,OVER,66.6%,65.48,✅ HIT,OVER,67.0%,65.85,✅ HIT,OVER,65.3%,64.19,✅ HIT,-0.6,-0.41,-0.46,-0.7,-0.33,1.4,1.2,0.0116,100.0%
76,Jalen Green,REB,4.5,UNDER,71.1%,B,STRONG BET,65.68,✅ HIT,3.0,UNDER,72.2%,66.74,✅ HIT,UNDER,70.7%,65.22,✅ HIT,UNDER,71.6%,66.12,✅ HIT,UNDER,70.1%,64.65,✅ HIT,-2.0,-0.79,-3.0,-0.5,-0.76,1.6,1.6,0.0081,100.0%
77,Jaime Jaquez Jr.,PTS,17.5,UNDER,70.8%,D,STRONG BET,65.57,✅ HIT,6.0,UNDER,70.0%,64.85,✅ HIT,UNDER,69.7%,64.53,✅ HIT,UNDER,71.8%,66.6,✅ HIT,UNDER,71.5%,66.29,✅ HIT,-0.4,-0.15,-3.29,-0.9,-1.45,1.0,0.4,0.0089,100.0%
78,Bam Adebayo,REB,10.5,UNDER,66.2%,B,STRONG BET,65.3,✅ HIT,8.0,UNDER,67.6%,66.68,✅ HIT,UNDER,66.1%,65.23,✅ HIT,UNDER,66.3%,65.33,✅ HIT,UNDER,64.9%,63.98,✅ HIT,-0.43,-0.81,-0.39,-1.3,0.61,1.4,1.6,0.0096,100.0%
79,Jalen Green,TOV,2.5,UNDER,63.7%,A,BET WITH CAUTION,65.27,❌ MISS,5.0,UNDER,70.2%,71.72,❌ MISS,UNDER,69.8%,71.35,❌ MISS,UNDER,57.5%,59.0,❌ MISS,UNDER,57.5%,59.02,❌ MISS,-0.19,0.34,0.75,0.7,-1.08,1.0,0.8,0.0626,100.0%
80,Jaylen Wells,PR,20.5,UNDER,73.0%,D,STRONG BET,65.2,❌ MISS,25.0,UNDER,74.7%,66.89,❌ MISS,UNDER,74.0%,66.22,❌ MISS,UNDER,71.7%,63.9,❌ MISS,UNDER,71.6%,63.78,❌ MISS,-0.73,-0.33,-3.35,-2.1,-2.46,1.2,1.2,0.0138,100.0%
81,Jaime Jaquez Jr.,REB,5.5,UNDER,66.9%,B,STRONG BET,65.05,✅ HIT,4.0,UNDER,66.2%,64.39,✅ HIT,UNDER,64.8%,62.97,✅ HIT,UNDER,69.0%,67.14,✅ HIT,UNDER,67.5%,65.71,✅ HIT,-0.13,-0.17,-2.71,-0.3,0.08,1.4,0.8,0.0154,100.0%
82,Jaylen Wells,PRA,22.5,UNDER,71.9%,D,STRONG BET,65.0,❌ MISS,27.0,UNDER,72.2%,65.33,❌ MISS,UNDER,71.6%,64.74,❌ MISS,UNDER,72.0%,65.12,❌ MISS,UNDER,71.7%,64.81,❌ MISS,-0.72,-0.46,-2.19,-3.1,-1.8,1.4,1.2,0.0024,100.0%
83,Giannis Antetokounmpo,AST,4.5,OVER,66.0%,C,STRONG BET,64.98,❌ MISS,3.0,OVER,67.8%,66.8,❌ MISS,OVER,65.8%,64.8,❌ MISS,OVER,66.2%,65.16,❌ MISS,OVER,64.2%,63.19,❌ MISS,-0.41,-0.13,-0.77,-0.3,-0.64,1.2,0.8,0.0128,100.0%
84,Tim Hardaway Jr.,3PA,5.5,OVER,66.5%,B,STRONG BET,64.96,❌ MISS,3.0,OVER,67.6%,66.1,❌ MISS,OVER,65.7%,64.2,❌ MISS,OVER,67.1%,65.6,❌ MISS,OVER,65.5%,63.93,❌ MISS,-0.48,-0.53,-0.37,-1.5,0.14,1.2,1.2,0.0091,100.0%
85,Tyler Herro,FGA,17.5,UNDER,65.4%,D,DO NOT BET,64.96,NO GAME,,UNDER,66.7%,66.25,NO GAME,UNDER,64.5%,64.09,NO GAME,UNDER,66.0%,65.55,NO GAME,UNDER,64.4%,63.97,NO GAME,-0.51,-0.66,0.44,-1.7,0.4,1.6,1.6,0.0097,100.0%
86,Ivica Zubac,PRA,17.5,OVER,77.4%,D,STRONG BET,64.93,❌ MISS,16.0,OVER,77.2%,64.7,❌ MISS,OVER,76.7%,64.28,❌ MISS,OVER,77.8%,65.29,❌ MISS,OVER,77.9%,65.45,❌ MISS,-1.7,-0.99,-1.64,-5.9,-4.23,2.0,2.0,0.0047,100.0%
87,Devin Booker,PTS,27.5,UNDER,67.2%,D,STRONG BET,64.88,❌ MISS,43.0,UNDER,68.2%,65.9,❌ MISS,UNDER,67.9%,65.64,❌ MISS,UNDER,66.4%,64.05,❌ MISS,UNDER,66.2%,63.94,❌ MISS,-0.5,-0.17,-0.45,-0.9,-1.68,1.4,1.2,0.0089,100.0%
88,Quentin Grimes,TOV,2.5,UNDER,65.6%,A,BET,64.82,❌ MISS,3.0,UNDER,63.5%,62.77,❌ MISS,UNDER,63.3%,62.6,❌ MISS,UNDER,67.9%,67.15,❌ MISS,UNDER,67.5%,66.78,❌ MISS,-0.55,-0.26,-0.71,-0.3,-0.34,1.4,1.2,0.0214,100.0%
89,Myles Turner,SB,2.5,UNDER,65.3%,A,BET,64.77,✅ HIT,1.0,UNDER,67.2%,66.72,✅ HIT,UNDER,67.0%,66.53,✅ HIT,UNDER,63.5%,62.99,✅ HIT,UNDER,63.4%,62.87,✅ HIT,-0.27,-1.12,-0.3,-0.9,0.68,1.4,1.6,0.0185,100.0%
90,Jalen Suggs,3PM,2.5,UNDER,68.3%,S,BET,64.65,❌ MISS,3.0,UNDER,69.6%,65.95,❌ MISS,UNDER,69.7%,65.98,❌ MISS,UNDER,67.0%,63.35,❌ MISS,UNDER,67.0%,63.34,❌ MISS,-0.34,-0.2,-3.45,-0.3,-0.2,0.8,0.8,0.0131,100.0%
91,Devin Booker,3PM,2.5,UNDER,64.8%,S,BET WITH CAUTION,64.63,❌ MISS,4.0,UNDER,64.0%,63.84,❌ MISS,UNDER,64.1%,63.94,❌ MISS,UNDER,65.5%,65.36,❌ MISS,UNDER,65.5%,65.38,❌ MISS,-0.45,0.48,-0.5,0.7,-1.36,1.0,0.8,0.0074,100.0%
92,Bam Adebayo,3PM,2.5,UNDER,65.0%,S,BET,64.46,✅ HIT,0.0,UNDER,60.6%,60.03,✅ HIT,UNDER,60.8%,60.17,✅ HIT,UNDER,69.4%,68.85,✅ HIT,UNDER,69.4%,68.79,✅ HIT,-0.28,-0.04,-0.71,-0.1,-0.66,1.2,1.2,0.0436,100.0%
93,Austin Reaves,STL,1.5,UNDER,67.1%,A,BET,64.44,✅ HIT,1.0,UNDER,64.3%,61.68,✅ HIT,UNDER,64.4%,61.77,✅ HIT,UNDER,69.8%,67.19,✅ HIT,UNDER,69.8%,67.13,✅ HIT,-0.31,0.07,-3.0,0.1,-0.52,1.0,0.8,0.0272,100.0%
94,Jalen Johnson,TOV,3.5,UNDER,63.3%,A,BET WITH CAUTION,64.12,✅ HIT,2.0,UNDER,59.9%,60.66,✅ HIT,UNDER,59.8%,60.62,✅ HIT,UNDER,67.0%,67.76,✅ HIT,UNDER,66.6%,67.42,✅ HIT,-0.08,-0.63,0.23,-1.1,0.96,1.4,1.6,0.0348,100.0%
95,Jalen Green,FTM,2.5,UNDER,63.2%,B,BET,64.12,❌ MISS,5.0,UNDER,63.3%,64.22,❌ MISS,UNDER,63.0%,64.0,❌ MISS,UNDER,63.3%,64.26,❌ MISS,UNDER,63.1%,64.01,❌ MISS,-0.35,0.52,-0.0,0.9,-1.52,1.4,0.8,0.0012,100.0%
96,Alex Sarr,AST,1.5,OVER,66.2%,C,STRONG BET,64.1,❌ MISS,0.0,OVER,67.4%,65.3,❌ MISS,OVER,65.4%,63.34,❌ MISS,OVER,67.0%,64.9,❌ MISS,OVER,65.0%,62.88,❌ MISS,-0.76,-0.44,-0.87,-0.7,-0.52,1.2,0.8,0.0102,100.0%
97,Tyler Herro,FTM,3.5,UNDER,62.4%,B,BET WITH CAUTION,64.04,NO GAME,,UNDER,63.1%,64.76,NO GAME,UNDER,62.9%,64.56,NO GAME,UNDER,61.8%,63.45,NO GAME,UNDER,61.7%,63.38,NO GAME,-0.1,0.05,0.74,0.1,-0.3,1.2,0.8,0.0063,100.0%
98,Kevin Porter Jr.,TOV,2.5,OVER,61.2%,A,BET WITH CAUTION,63.89,✅ HIT,3.0,OVER,62.9%,65.63,✅ HIT,OVER,62.2%,64.92,✅ HIT,OVER,60.1%,62.85,✅ HIT,OVER,59.4%,62.16,✅ HIT,-0.45,0.31,2.12,0.3,-0.74,1.2,1.2,0.0143,100.0%
99,Quentin Grimes,FTM,3.5,UNDER,64.8%,B,BET,63.88,✅ HIT,3.0,UNDER,64.7%,63.81,✅ HIT,UNDER,64.3%,63.44,✅ HIT,UNDER,65.3%,64.38,✅ HIT,UNDER,64.8%,63.9,✅ HIT,-0.23,0.19,-1.61,0.7,-1.56,1.6,1.2,0.0033,100.0%
100,Alex Sarr,RA,7.5,OVER,69.1%,C,BET,63.82,❌ MISS,4.0,OVER,71.3%,66.03,❌ MISS,OVER,69.4%,64.07,❌ MISS,OVER,69.0%,63.68,❌ MISS,OVER,66.8%,61.52,❌ MISS,-0.66,-0.48,-2.5,-2.1,-0.77,1.2,0.8,0.016,100.0%
101,Jaylen Wells,REB,3.5,UNDER,60.2%,B,DO NOT BET,63.77,✅ HIT,2.0,UNDER,61.0%,64.6,✅ HIT,UNDER,59.8%,63.32,✅ HIT,UNDER,60.6%,64.18,✅ HIT,UNDER,59.5%,63.0,✅ HIT,-0.13,-0.6,2.89,-0.9,0.7,1.6,1.6,0.0064,100.0%
102,Khris Middleton,AST,3.5,UNDER,63.2%,C,DO NOT BET,63.65,✅ HIT,1.0,UNDER,62.3%,62.76,✅ HIT,UNDER,61.7%,62.15,✅ HIT,UNDER,64.7%,65.19,✅ HIT,UNDER,64.0%,64.49,✅ HIT,-0.15,-0.15,-0.3,-0.3,-0.01,1.4,1.6,0.0124,100.0%
103,Luka Dončić,3PA,11.5,UNDER,63.1%,B,BET,63.52,❌ MISS,14.0,UNDER,60.0%,60.37,❌ MISS,UNDER,59.8%,60.17,❌ MISS,UNDER,66.6%,67.0,❌ MISS,UNDER,66.1%,66.53,❌ MISS,-0.46,0.39,0.11,0.9,-1.97,1.4,0.8,0.0325,100.0%
104,Trae Young,PRA,20.5,OVER,75.4%,D,STRONG BET,63.51,✅ HIT,24.0,OVER,76.3%,64.43,✅ HIT,OVER,75.9%,64.02,✅ HIT,OVER,74.6%,62.71,✅ HIT,OVER,74.8%,62.89,✅ HIT,-1.01,-1.0,-2.75,-8.3,-0.03,1.2,1.2,0.0073,100.0%
105,Austin Reaves,3PM,2.5,UNDER,59.3%,S,DO NOT BET,63.46,❌ MISS,4.0,UNDER,58.5%,62.67,❌ MISS,UNDER,58.7%,62.83,❌ MISS,UNDER,59.9%,64.1,❌ MISS,UNDER,60.1%,64.24,❌ MISS,-0.08,-0.26,3.0,-0.3,0.21,1.6,1.2,0.0071,100.0%
106,Nikola Jokić,FTM,6.5,UNDER,62.2%,B,BET WITH CAUTION,63.45,❌ MISS,11.0,UNDER,61.6%,62.89,❌ MISS,UNDER,61.6%,62.85,❌ MISS,UNDER,62.9%,64.14,❌ MISS,UNDER,62.7%,63.94,❌ MISS,0.02,0.3,-0.1,0.7,-0.66,1.0,0.8,0.0059,100.0%
107,CJ McCollum,PA,21.5,OVER,59.3%,D,DO NOT BET,63.39,❌ MISS,16.0,OVER,60.5%,64.61,❌ MISS,OVER,60.9%,65.02,❌ MISS,OVER,57.6%,61.7,❌ MISS,OVER,58.1%,62.21,❌ MISS,-0.21,-0.62,4.5,-2.3,1.52,1.2,1.6,0.0145,100.0%
108,Dyson Daniels,SB,2.5,UNDER,60.5%,A,BET WITH CAUTION,63.17,NO GAME,,UNDER,58.9%,61.6,NO GAME,UNDER,59.1%,61.73,NO GAME,UNDER,62.0%,64.69,NO GAME,UNDER,62.0%,64.64,NO GAME,-0.12,0.48,1.51,0.7,-0.88,1.0,0.8,0.015,100.0%
109,Luka Dončić,TOV,3.5,UNDER,60.0%,A,DO NOT BET,63.16,✅ HIT,1.0,UNDER,63.1%,66.23,✅ HIT,UNDER,62.9%,66.08,✅ HIT,UNDER,57.0%,60.15,✅ HIT,UNDER,57.0%,60.18,✅ HIT,0.33,0.68,0.22,1.1,-0.56,1.4,0.8,0.03,100.0%
110,Shai Gilgeous-Alexander,PRA,43.5,UNDER,61.6%,D,DO NOT BET,63.16,❌ MISS,50.0,UNDER,61.8%,63.32,❌ MISS,UNDER,61.3%,62.91,❌ MISS,UNDER,61.8%,63.36,❌ MISS,UNDER,61.5%,63.03,❌ MISS,-0.08,0.06,1.12,0.5,-1.22,1.2,1.2,0.0019,100.0%
111,Jalen Johnson,STL,1.5,UNDER,62.7%,A,BET WITH CAUTION,63.07,❌ MISS,2.0,UNDER,59.5%,59.89,❌ MISS,UNDER,59.7%,60.07,❌ MISS,UNDER,65.8%,66.16,❌ MISS,UNDER,65.8%,66.17,❌ MISS,-0.35,0.2,-0.1,0.1,-0.27,0.8,0.8,0.031,100.0%
112,Tyler Herro,REB,4.5,UNDER,61.5%,B,DO NOT BET,62.99,NO GAME,,UNDER,62.0%,63.46,NO GAME,UNDER,60.7%,62.16,NO GAME,UNDER,62.3%,63.79,NO GAME,UNDER,61.1%,62.55,NO GAME,0.02,0.12,-0.13,0.3,-0.25,1.4,1.2,0.0066,100.0%
113,Myles Turner,BLK,1.5,UNDER,62.6%,S,BET,62.96,✅ HIT,1.0,UNDER,63.5%,63.8,✅ HIT,UNDER,63.9%,64.2,✅ HIT,UNDER,61.4%,61.68,✅ HIT,UNDER,61.8%,62.16,✅ HIT,0.13,-0.79,-0.71,-0.5,0.58,1.6,1.6,0.0107,100.0%
114,Dyson Daniels,PRA,23.5,OVER,64.8%,D,DO NOT BET,62.83,NO GAME,,OVER,66.4%,64.38,NO GAME,OVER,66.1%,64.14,NO GAME,OVER,63.3%,61.27,NO GAME,OVER,63.5%,61.53,NO GAME,-0.41,-2.22,-0.17,-4.3,3.51,1.6,2.0,0.0144,100.0%
115,Shai Gilgeous-Alexander,FGA,20.5,UNDER,62.2%,D,DO NOT BET,62.77,✅ HIT,18.0,UNDER,63.5%,64.03,✅ HIT,UNDER,61.8%,62.37,✅ HIT,UNDER,62.4%,62.89,✅ HIT,UNDER,61.3%,61.78,✅ HIT,-0.16,-0.06,0.33,-0.3,-0.48,1.2,1.2,0.0083,100.0%
116,Stephon Castle,3PM,1.5,UNDER,62.4%,S,BET WITH CAUTION,62.73,❌ MISS,4.0,UNDER,61.8%,62.13,❌ MISS,UNDER,61.9%,62.25,❌ MISS,UNDER,62.9%,63.24,❌ MISS,UNDER,63.0%,63.31,❌ MISS,-0.31,-0.07,-0.27,-0.1,-0.33,1.4,1.2,0.0054,100.0%
117,Shai Gilgeous-Alexander,PR,35.5,UNDER,59.5%,D,DO NOT BET,62.72,❌ MISS,41.0,UNDER,60.1%,63.35,❌ MISS,UNDER,59.8%,63.05,❌ MISS,UNDER,59.1%,62.3,❌ MISS,UNDER,58.9%,62.17,❌ MISS,0.13,0.02,1.2,0.1,0.59,1.2,1.2,0.005,100.0%
118,Jayson Tatum,3PA,7.5,OVER,66.4%,B,STRONG BET,62.7,NO GAME,,OVER,69.2%,65.51,NO GAME,OVER,67.2%,63.52,NO GAME,OVER,65.4%,61.69,NO GAME,OVER,63.8%,60.1,NO GAME,-1.08,-1.08,-0.29,-2.83,0.0,1.6,2.0,0.0202,100.0%
119,Quentin Grimes,PR,21.5,UNDER,68.4%,D,STRONG BET,62.67,✅ HIT,17.0,UNDER,69.5%,63.78,✅ HIT,UNDER,69.0%,63.21,✅ HIT,UNDER,67.7%,61.91,✅ HIT,UNDER,67.6%,61.79,✅ HIT,-0.52,-0.05,-1.5,-0.5,-4.39,1.2,0.8,0.0085,100.0%
120,Jamal Murray,FTM,4.5,UNDER,62.2%,B,BET WITH CAUTION,62.66,❌ MISS,15.0,UNDER,64.5%,64.94,❌ MISS,UNDER,64.1%,64.59,❌ MISS,UNDER,60.0%,60.48,❌ MISS,UNDER,60.2%,60.62,❌ MISS,0.01,0.26,-0.66,0.9,-0.86,0.8,0.8,0.0211,100.0%
121,Derrick White,3PA,7.5,OVER,66.1%,B,STRONG BET,62.59,NO GAME,,OVER,67.0%,63.48,NO GAME,OVER,65.1%,61.61,NO GAME,OVER,67.0%,63.46,NO GAME,OVER,65.3%,61.8,NO GAME,-0.39,-0.28,-3.0,-0.9,-0.35,1.4,1.2,0.0088,100.0%
122,Ivica Zubac,PTS,9.5,OVER,69.9%,D,STRONG BET,62.4,❌ MISS,8.0,OVER,71.4%,63.88,❌ MISS,OVER,70.3%,62.84,❌ MISS,OVER,69.5%,62.03,❌ MISS,OVER,68.3%,60.87,❌ MISS,-2.15,-0.66,-1.18,-1.5,-3.4,1.4,1.2,0.011,100.0%
123,Shai Gilgeous-Alexander,3PA,4.5,UNDER,59.0%,B,DO NOT BET,62.31,❌ MISS,5.0,UNDER,57.6%,60.93,❌ MISS,UNDER,57.6%,60.93,❌ MISS,UNDER,60.4%,63.72,❌ MISS,UNDER,60.3%,63.66,❌ MISS,-0.0,-0.25,2.0,-0.5,0.5,1.6,1.2,0.0138,100.0%
124,Paolo Banchero,3PA,4.5,UNDER,62.2%,B,BET WITH CAUTION,62.15,✅ HIT,2.0,UNDER,63.4%,63.38,✅ HIT,UNDER,62.9%,62.91,✅ HIT,UNDER,61.3%,61.22,✅ HIT,UNDER,61.1%,61.1,✅ HIT,-0.41,0.32,-0.32,0.5,-1.13,1.0,0.4,0.0101,100.0%
125,Devin Booker,PA,33.5,UNDER,64.2%,D,DO NOT BET,62.0,❌ MISS,48.0,UNDER,62.0%,59.8,❌ MISS,UNDER,61.7%,59.51,❌ MISS,UNDER,66.7%,64.53,❌ MISS,UNDER,66.3%,64.16,❌ MISS,-0.42,-0.19,-0.3,-1.1,-1.38,1.2,0.8,0.0235,100.0%
126,Nikola Jokić,SB,2.5,UNDER,61.1%,A,BET WITH CAUTION,61.98,❌ MISS,5.0,UNDER,63.6%,64.48,❌ MISS,UNDER,63.5%,64.43,❌ MISS,UNDER,58.6%,59.46,❌ MISS,UNDER,58.7%,59.55,❌ MISS,-0.18,0.06,0.13,0.1,-0.42,1.2,1.6,0.0247,100.0%
127,Tyler Herro,PA,27.5,UNDER,62.0%,D,DO NOT BET,61.97,NO GAME,,UNDER,61.0%,60.97,NO GAME,UNDER,60.7%,60.68,NO GAME,UNDER,63.3%,63.32,NO GAME,UNDER,62.9%,62.91,NO GAME,-0.24,0.21,0.6,1.5,-3.25,1.2,0.8,0.0116,100.0%
128,De'Aaron Fox,REB,3.5,UNDER,60.2%,B,DO NOT BET,61.96,✅ HIT,3.0,UNDER,60.4%,62.2,✅ HIT,UNDER,59.2%,60.94,✅ HIT,UNDER,61.2%,62.95,✅ HIT,UNDER,60.0%,61.75,✅ HIT,0.16,-0.07,0.07,-0.1,0.31,1.4,1.2,0.0072,100.0%
129,Desmond Bane,FTM,3.5,OVER,62.4%,B,BET WITH CAUTION,61.93,✅ HIT,6.0,OVER,64.6%,64.16,✅ HIT,OVER,61.9%,61.43,✅ HIT,OVER,62.9%,62.46,✅ HIT,OVER,60.1%,59.68,✅ HIT,-0.11,-1.34,-0.11,-3.5,3.22,1.4,1.6,0.0163,100.0%
130,Victor Wembanyama,3PM,2.5,UNDER,60.5%,S,BET WITH CAUTION,61.87,NO GAME,,UNDER,60.8%,62.12,NO GAME,UNDER,60.9%,62.26,NO GAME,UNDER,60.1%,61.49,NO GAME,UNDER,60.2%,61.62,NO GAME,-0.24,0.54,0.25,1.3,-1.88,1.4,0.8,0.0033,100.0%
131,Bam Adebayo,FTM,4.5,UNDER,61.3%,B,BET WITH CAUTION,61.82,❌ MISS,9.0,UNDER,60.2%,60.73,❌ MISS,UNDER,60.3%,60.84,❌ MISS,UNDER,62.4%,62.92,❌ MISS,UNDER,62.3%,62.77,❌ MISS,-0.02,0.47,-0.92,6.1,-6.32,1.2,0.8,0.0103,100.0%
132,Derrick White,PTS,15.5,OVER,63.2%,D,DO NOT BET,61.78,NO GAME,,OVER,61.3%,59.81,NO GAME,OVER,60.5%,59.02,NO GAME,OVER,66.1%,64.68,NO GAME,OVER,65.1%,63.6,NO GAME,-0.2,-0.61,-0.09,-5.9,3.94,1.4,1.6,0.0241,100.0%
133,Devin Booker,PRA,37.5,UNDER,63.8%,D,DO NOT BET,61.75,❌ MISS,55.0,UNDER,62.7%,60.59,❌ MISS,UNDER,62.2%,60.16,❌ MISS,UNDER,65.4%,63.29,❌ MISS,UNDER,65.0%,62.96,❌ MISS,-0.46,-0.13,-0.17,-0.7,-1.82,1.2,0.8,0.0139,100.0%
134,Paolo Banchero,PTS,24.5,OVER,58.8%,D,DO NOT BET,61.71,❌ MISS,18.0,OVER,53.9%,56.87,❌ MISS,OVER,53.4%,56.32,❌ MISS,OVER,64.4%,67.34,❌ MISS,OVER,63.3%,66.3,❌ MISS,0.31,-0.37,-0.4,-2.7,4.92,1.2,1.6,0.0513,100.0%
135,VJ Edgecombe,PR,24.5,UNDER,65.4%,D,STRONG BET,61.63,✅ HIT,15.0,UNDER,67.4%,63.63,✅ HIT,UNDER,66.9%,63.12,✅ HIT,UNDER,63.7%,59.94,✅ HIT,UNDER,63.5%,59.81,✅ HIT,-0.49,-0.04,-0.44,-0.3,-3.27,0.8,0.4,0.0176,100.0%
136,Josh Giddey,3PA,6.5,UNDER,62.3%,B,BET WITH CAUTION,61.63,❌ MISS,9.0,UNDER,61.9%,61.22,❌ MISS,UNDER,61.5%,60.87,❌ MISS,UNDER,63.0%,62.33,❌ MISS,UNDER,62.7%,62.09,❌ MISS,-0.64,0.37,-0.04,0.9,-2.45,1.2,0.8,0.006,100.0%
137,Josh Giddey,FTM,3.5,UNDER,60.8%,B,BET WITH CAUTION,61.53,✅ HIT,1.0,UNDER,64.9%,65.62,✅ HIT,UNDER,64.5%,65.22,✅ HIT,UNDER,56.7%,57.36,✅ HIT,UNDER,57.2%,57.91,✅ HIT,0.1,-2.62,1.33,-2.1,2.18,1.8,2.0,0.0389,100.0%
138,Jayson Tatum,PA,22.5,OVER,62.6%,D,DO NOT BET,61.5,NO GAME,,OVER,61.8%,60.69,NO GAME,OVER,62.2%,61.09,NO GAME,OVER,63.0%,61.86,NO GAME,OVER,63.5%,62.37,NO GAME,-0.44,-0.44,-0.82,-0.83,0.0,1.4,1.2,0.0065,100.0%
139,Jalen Duren,AST,1.5,OVER,61.7%,C,DO NOT BET,61.46,✅ HIT,2.0,OVER,63.0%,62.74,✅ HIT,OVER,61.3%,61.09,✅ HIT,OVER,62.1%,61.84,✅ HIT,OVER,60.4%,60.17,✅ HIT,-0.49,-0.2,-0.5,-0.1,-0.14,1.2,1.2,0.0095,100.0%
140,De'Aaron Fox,PTS,17.5,OVER,62.8%,D,DO NOT BET,61.45,✅ HIT,27.0,OVER,65.5%,64.07,✅ HIT,OVER,64.6%,63.17,✅ HIT,OVER,61.1%,59.75,✅ HIT,OVER,60.2%,58.81,✅ HIT,-0.24,-0.54,-0.34,-3.3,1.84,1.2,1.6,0.0222,100.0%
141,Derrick White,SB,2.5,UNDER,59.0%,A,DO NOT BET,61.37,NO GAME,,UNDER,60.6%,62.99,NO GAME,UNDER,60.7%,63.06,NO GAME,UNDER,57.3%,59.64,NO GAME,UNDER,57.4%,59.79,NO GAME,0.08,-0.81,2.0,-1.1,1.2,1.0,1.6,0.0166,100.0%
142,Shai Gilgeous-Alexander,3PM,1.5,UNDER,58.3%,S,DO NOT BET,61.24,❌ MISS,2.0,UNDER,57.4%,60.3,❌ MISS,UNDER,57.5%,60.48,❌ MISS,UNDER,59.1%,62.01,❌ MISS,UNDER,59.2%,62.17,❌ MISS,0.23,-0.31,1.0,-0.3,0.52,1.8,1.6,0.0086,100.0%
143,Nikola Jokić,TOV,3.5,UNDER,59.8%,A,DO NOT BET,61.24,✅ HIT,3.0,UNDER,57.2%,58.57,✅ HIT,UNDER,57.2%,58.63,✅ HIT,UNDER,62.6%,63.98,✅ HIT,UNDER,62.4%,63.8,✅ HIT,0.12,0.47,-0.66,1.1,-0.82,1.2,1.2,0.0265,100.0%
144,Luka Dončić,FGA,23.5,UNDER,63.4%,D,DO NOT BET,61.11,❌ MISS,31.0,UNDER,64.5%,62.22,❌ MISS,UNDER,62.6%,60.4,❌ MISS,UNDER,63.8%,61.56,❌ MISS,UNDER,62.5%,60.26,❌ MISS,-1.33,0.46,-0.91,0.5,-1.96,1.0,0.4,0.0082,100.0%
145,Victor Wembanyama,AST,2.5,OVER,61.3%,C,DO NOT BET,61.1,NO GAME,,OVER,62.1%,61.9,NO GAME,OVER,60.5%,60.32,NO GAME,OVER,62.1%,61.92,NO GAME,OVER,60.4%,60.25,NO GAME,-0.3,0.08,-1.0,0.1,-0.46,1.4,1.2,0.0081,100.0%
146,Derrick White,PA,21.5,OVER,62.0%,D,DO NOT BET,61.07,NO GAME,,OVER,60.2%,59.29,NO GAME,OVER,60.7%,59.69,NO GAME,OVER,63.4%,62.4,NO GAME,OVER,63.9%,62.9,NO GAME,-0.17,-0.56,0.04,-5.5,3.83,1.4,1.6,0.016,100.0%
147,Jaylen Brown,FGA,20.5,UNDER,60.0%,D,DO NOT BET,61.04,❌ MISS,25.0,UNDER,60.7%,61.76,❌ MISS,UNDER,59.5%,60.55,❌ MISS,UNDER,60.3%,61.33,❌ MISS,UNDER,59.5%,60.5,❌ MISS,0.32,-1.26,-0.87,-4.9,6.16,1.6,2.0,0.0053,100.0%
148,Austin Reaves,3PA,6.5,UNDER,59.0%,B,DO NOT BET,60.98,❌ MISS,7.0,UNDER,58.6%,60.59,❌ MISS,UNDER,58.5%,60.51,❌ MISS,UNDER,59.4%,61.42,❌ MISS,UNDER,59.4%,61.42,❌ MISS,-0.02,-0.26,0.75,-0.7,0.64,1.6,1.2,0.0043,100.0%
149,Luka Dončić,STL,1.5,UNDER,59.4%,A,DO NOT BET,60.93,❌ MISS,3.0,UNDER,58.8%,60.29,❌ MISS,UNDER,59.0%,60.49,❌ MISS,UNDER,59.9%,61.41,❌ MISS,UNDER,60.0%,61.54,❌ MISS,-0.01,0.53,-0.0,0.7,-0.71,1.0,0.4,0.0055,100.0%
150,Tyler Herro,PR,28.5,UNDER,61.6%,D,DO NOT BET,60.9,NO GAME,,UNDER,62.0%,61.35,NO GAME,UNDER,61.7%,60.98,NO GAME,UNDER,61.4%,60.7,NO GAME,UNDER,61.3%,60.57,NO GAME,-0.26,0.12,0.15,0.9,-2.8,1.2,0.8,0.003,100.0%
151,Shai Gilgeous-Alexander,PA,37.5,UNDER,57.3%,D,DO NOT BET,60.89,❌ MISS,44.0,UNDER,59.2%,62.78,❌ MISS,UNDER,58.9%,62.47,❌ MISS,UNDER,55.8%,59.41,❌ MISS,UNDER,55.3%,58.95,❌ MISS,0.11,0.24,1.25,1.7,-0.9,1.2,1.2,0.0173,100.0%
152,Austin Reaves,FTM,5.5,UNDER,58.0%,B,DO NOT BET,60.87,✅ HIT,0.0,UNDER,61.9%,64.76,✅ HIT,UNDER,61.8%,64.69,✅ HIT,UNDER,53.7%,56.56,✅ HIT,UNDER,54.6%,57.47,✅ HIT,0.75,-0.07,-0.0,-0.1,1.11,1.2,0.8,0.0387,100.0%
153,Jalen Suggs,PRA,24.5,UNDER,63.8%,D,DO NOT BET,60.72,❌ MISS,40.0,UNDER,64.6%,61.48,❌ MISS,UNDER,64.1%,61.01,❌ MISS,UNDER,63.5%,60.36,❌ MISS,UNDER,63.1%,60.03,❌ MISS,-0.64,-0.68,-1.4,-1.9,0.11,1.4,1.2,0.0057,100.0%
154,Kevin Porter Jr.,PA,20.5,OVER,64.5%,D,DO NOT BET,60.71,❌ MISS,11.0,OVER,65.7%,61.9,❌ MISS,OVER,66.1%,62.31,❌ MISS,OVER,62.8%,59.07,❌ MISS,OVER,63.3%,59.57,❌ MISS,-0.43,-0.13,-0.24,-1.3,-3.06,1.4,1.2,0.0141,100.0%
155,Victor Wembanyama,3PA,7.5,UNDER,61.6%,B,BET WITH CAUTION,60.7,NO GAME,,UNDER,62.7%,61.8,NO GAME,UNDER,62.3%,61.39,NO GAME,UNDER,60.7%,59.85,NO GAME,UNDER,60.6%,59.76,NO GAME,-0.46,0.11,0.25,0.5,-2.67,1.4,0.8,0.0091,100.0%
156,Tyler Herro,PRA,32.5,UNDER,61.3%,D,DO NOT BET,60.69,NO GAME,,UNDER,61.2%,60.56,NO GAME,UNDER,60.8%,60.16,NO GAME,UNDER,61.8%,61.17,NO GAME,UNDER,61.5%,60.84,NO GAME,-0.23,0.14,0.46,1.3,-3.5,1.2,0.8,0.0037,100.0%
157,Luka Dončić,REB,7.5,OVER,62.3%,B,DO NOT BET,60.64,✅ HIT,10.0,OVER,61.7%,60.07,✅ HIT,OVER,62.1%,60.41,✅ HIT,OVER,62.6%,60.97,✅ HIT,OVER,62.8%,61.1,✅ HIT,-0.32,-1.97,-0.41,-2.3,1.93,1.4,2.0,0.0042,100.0%
158,Andrew Nembhard,PA,23.5,OVER,60.1%,D,DO NOT BET,60.55,✅ HIT,25.0,OVER,57.4%,57.77,✅ HIT,OVER,57.8%,58.16,✅ HIT,OVER,62.5%,62.89,✅ HIT,OVER,63.0%,63.4,✅ HIT,-0.15,0.21,0.12,1.3,-2.26,1.2,1.2,0.026,100.0%
159,Myles Turner,3PM,1.5,OVER,61.0%,S,BET WITH CAUTION,60.51,❌ MISS,1.0,OVER,61.9%,61.42,❌ MISS,OVER,61.5%,61.04,❌ MISS,OVER,60.5%,60.05,❌ MISS,OVER,60.0%,59.51,❌ MISS,-0.42,-0.32,-0.27,-0.5,-0.15,1.2,0.8,0.0076,100.0%
160,Josh Giddey,PTS,18.5,UNDER,60.4%,D,DO NOT BET,60.46,❌ MISS,27.0,UNDER,56.8%,56.87,❌ MISS,UNDER,57.0%,57.02,❌ MISS,UNDER,63.9%,63.98,❌ MISS,UNDER,63.9%,63.96,❌ MISS,-0.27,-0.52,0.21,-1.5,0.72,1.4,1.2,0.0351,100.0%
161,Bam Adebayo,RA,13.5,UNDER,60.7%,C,DO NOT BET,60.45,✅ HIT,10.0,UNDER,61.7%,61.42,✅ HIT,UNDER,60.3%,59.98,✅ HIT,UNDER,61.2%,60.88,✅ HIT,UNDER,59.8%,59.53,✅ HIT,-0.32,-0.2,-0.38,-0.5,-0.28,1.4,1.2,0.0074,100.0%
162,CJ McCollum,AST,4.5,UNDER,62.1%,C,DO NOT BET,60.43,✅ HIT,2.0,UNDER,61.7%,60.07,✅ HIT,UNDER,61.1%,59.51,✅ HIT,UNDER,63.0%,61.34,✅ HIT,UNDER,62.4%,60.78,✅ HIT,-0.44,0.49,-1.86,0.9,-1.72,1.0,0.8,0.0069,100.0%
163,Tyler Herro,3PA,7.5,UNDER,60.5%,B,BET WITH CAUTION,60.39,NO GAME,,UNDER,62.7%,62.6,NO GAME,UNDER,62.3%,62.19,NO GAME,UNDER,58.5%,58.36,NO GAME,UNDER,58.5%,58.42,NO GAME,-0.49,-0.39,0.72,-0.9,-0.25,1.2,1.2,0.0201,100.0%
164,Josh Giddey,PA,27.5,UNDER,59.5%,D,DO NOT BET,60.37,❌ MISS,42.0,UNDER,57.1%,57.97,❌ MISS,UNDER,56.8%,57.64,❌ MISS,UNDER,62.3%,63.15,❌ MISS,UNDER,61.9%,62.73,❌ MISS,-0.2,0.09,0.7,0.5,-1.6,1.4,1.2,0.0257,100.0%
165,Jalen Suggs,RA,9.5,UNDER,60.6%,C,DO NOT BET,60.26,❌ MISS,12.0,UNDER,58.3%,57.97,❌ MISS,UNDER,57.2%,56.88,❌ MISS,UNDER,64.3%,63.94,❌ MISS,UNDER,62.6%,62.25,❌ MISS,-0.21,-0.61,-0.38,-1.5,0.98,1.4,1.6,0.0292,100.0%
166,Devin Booker,PR,31.5,UNDER,62.8%,D,DO NOT BET,60.26,❌ MISS,50.0,UNDER,61.8%,59.31,❌ MISS,UNDER,61.5%,58.95,❌ MISS,UNDER,64.0%,61.46,❌ MISS,UNDER,63.9%,61.33,❌ MISS,-0.51,-0.1,-0.31,-0.5,-2.12,1.0,0.4,0.0114,100.0%
167,Kevin Porter Jr.,PRA,25.5,OVER,64.2%,D,DO NOT BET,60.2,❌ MISS,18.0,OVER,64.3%,60.35,❌ MISS,OVER,64.1%,60.16,❌ MISS,OVER,64.0%,60.01,❌ MISS,OVER,64.2%,60.26,❌ MISS,-0.41,-0.23,-0.22,-2.5,-2.03,1.4,1.2,0.0013,100.0%
168,Jayson Tatum,PTS,18.5,OVER,61.9%,D,DO NOT BET,60.16,NO GAME,,OVER,60.3%,58.53,NO GAME,OVER,59.5%,57.77,NO GAME,OVER,64.5%,62.69,NO GAME,OVER,63.4%,61.65,NO GAME,-0.32,-0.32,-1.57,-1.17,0.0,1.6,1.6,0.0206,100.0%
169,Aaron Gordon,PR,19.5,UNDER,56.1%,D,DO NOT BET,60.15,NO GAME,,UNDER,63.8%,67.87,NO GAME,UNDER,63.4%,67.45,NO GAME,OVER,51.3%,49.28,NO GAME,OVER,51.5%,49.42,NO GAME,0.3,-0.27,-0.0,-2.9,6.13,0.8,1.2,0.0751,50.0%
170,Nikola Jokić,PRA,50.5,OVER,60.3%,D,DO NOT BET,60.14,✅ HIT,63.0,OVER,60.3%,60.09,✅ HIT,OVER,60.2%,59.99,✅ HIT,OVER,60.3%,60.11,✅ HIT,OVER,60.6%,60.39,✅ HIT,-0.14,0.25,-0.43,1.9,-2.96,1.2,1.2,0.0015,100.0%
171,Devin Booker,TOV,2.5,OVER,56.0%,A,DO NOT BET,60.12,❌ MISS,2.0,OVER,53.3%,57.43,❌ MISS,OVER,52.9%,57.01,❌ MISS,OVER,59.2%,63.35,❌ MISS,OVER,58.6%,62.69,❌ MISS,-0.62,-0.26,4.5,-0.3,-0.42,1.2,1.2,0.0291,100.0%
172,Payton Pritchard,PRA,23.5,OVER,59.6%,D,DO NOT BET,60.09,❌ MISS,22.0,OVER,55.4%,55.88,❌ MISS,OVER,55.4%,55.9,❌ MISS,OVER,63.7%,64.17,❌ MISS,OVER,63.9%,64.43,❌ MISS,-0.2,0.15,2.19,2.1,-4.95,1.2,1.2,0.042,100.0%
173,Khris Middleton,PTS,10.5,OVER,60.0%,D,DO NOT BET,60.03,✅ HIT,35.0,OVER,62.9%,62.98,✅ HIT,OVER,62.1%,62.14,✅ HIT,OVER,57.9%,57.92,✅ HIT,OVER,57.0%,57.09,✅ HIT,-0.06,-0.17,-0.19,-0.9,0.57,0.8,0.8,0.0256,100.0%
174,Jalen Green,FGA,16.5,OVER,54.4%,D,DO NOT BET,60.01,✅ HIT,23.0,OVER,57.2%,62.76,✅ HIT,OVER,55.3%,60.86,✅ HIT,OVER,53.2%,58.75,✅ HIT,OVER,52.1%,57.66,✅ HIT,0.89,-1.17,3.0,-1.9,3.34,1.4,1.6,0.0197,100.0%
175,Khris Middleton,3PM,0.5,OVER,60.8%,S,BET WITH CAUTION,60.0,✅ HIT,8.0,OVER,59.5%,58.69,✅ HIT,OVER,59.1%,58.33,✅ HIT,OVER,62.5%,61.77,✅ HIT,OVER,62.0%,61.21,✅ HIT,-0.55,-0.12,-0.46,-0.1,-0.34,0.8,0.8,0.0151,100.0%
176,Dyson Daniels,PTS,11.5,OVER,60.0%,D,DO NOT BET,59.98,NO GAME,,OVER,61.4%,61.4,NO GAME,OVER,60.6%,60.6,NO GAME,OVER,59.4%,59.41,NO GAME,OVER,58.5%,58.52,NO GAME,-0.02,-2.06,0.7,-2.1,2.08,1.4,2.0,0.011,100.0%
177,Jalen Johnson,PA,31.5,UNDER,60.7%,D,DO NOT BET,59.97,✅ HIT,30.0,UNDER,64.2%,63.54,✅ HIT,UNDER,63.9%,63.27,✅ HIT,UNDER,57.4%,56.76,✅ HIT,UNDER,57.0%,56.31,✅ HIT,-0.04,-0.46,-0.81,-6.1,5.53,1.2,1.2,0.0344,100.0%
178,Tyler Herro,PTS,23.5,UNDER,60.2%,D,DO NOT BET,59.97,NO GAME,,UNDER,59.9%,59.6,NO GAME,UNDER,59.9%,59.63,NO GAME,UNDER,60.5%,60.27,NO GAME,UNDER,60.7%,60.39,NO GAME,-0.29,0.22,0.26,1.1,-2.55,1.0,0.8,0.0036,100.0%
179,Andrew Nembhard,PRA,26.5,OVER,59.1%,D,DO NOT BET,59.96,❌ MISS,25.0,OVER,58.7%,59.57,❌ MISS,OVER,58.6%,59.5,❌ MISS,OVER,59.3%,60.24,❌ MISS,OVER,59.6%,60.53,❌ MISS,-0.14,0.34,0.28,1.9,-2.68,1.2,1.2,0.0044,100.0%
180,Jalen Green,RA,7.5,UNDER,62.2%,C,DO NOT BET,59.95,✅ HIT,7.0,UNDER,61.1%,58.79,✅ HIT,UNDER,59.7%,57.42,✅ HIT,UNDER,65.0%,62.68,✅ HIT,UNDER,63.2%,60.91,✅ HIT,-1.3,-0.48,-0.0,-0.7,-1.21,1.4,1.2,0.0201,100.0%
181,Jalen Johnson,3PM,1.5,UNDER,61.0%,S,BET WITH CAUTION,59.91,❌ MISS,4.0,UNDER,64.8%,63.72,❌ MISS,UNDER,64.9%,63.81,❌ MISS,UNDER,57.1%,55.95,❌ MISS,UNDER,57.3%,56.15,❌ MISS,0.06,-0.56,-1.86,-0.5,0.55,1.2,1.2,0.0386,100.0%
182,Shai Gilgeous-Alexander,STL,1.5,UNDER,58.5%,A,DO NOT BET,59.91,❌ MISS,2.0,UNDER,53.8%,55.2,❌ MISS,UNDER,54.1%,55.5,❌ MISS,UNDER,63.0%,64.43,❌ MISS,UNDER,63.1%,64.5,❌ MISS,-0.13,0.26,0.25,0.3,-0.45,1.2,1.2,0.0456,100.0%
183,Stephon Castle,REB,4.5,UNDER,57.5%,B,DO NOT BET,59.83,❌ MISS,11.0,UNDER,57.5%,59.85,❌ MISS,UNDER,56.3%,58.69,❌ MISS,UNDER,58.6%,60.94,❌ MISS,UNDER,57.5%,59.85,❌ MISS,0.14,0.16,0.22,0.5,-0.07,1.4,1.2,0.008,100.0%
184,Cade Cunningham,TOV,3.5,OVER,62.4%,A,BET WITH CAUTION,59.8,✅ HIT,4.0,OVER,62.9%,60.41,✅ HIT,OVER,62.2%,59.7,✅ HIT,OVER,62.5%,59.94,✅ HIT,OVER,61.7%,59.17,✅ HIT,-0.23,-0.46,-3.0,-0.5,0.25,1.4,1.6,0.0044,100.0%
185,Giannis Antetokounmpo,TOV,3.5,UNDER,60.4%,A,BET WITH CAUTION,59.78,✅ HIT,3.0,UNDER,62.3%,61.69,✅ HIT,UNDER,62.2%,61.56,✅ HIT,UNDER,58.5%,57.94,✅ HIT,UNDER,58.5%,57.92,✅ HIT,-0.26,-0.56,-0.93,-0.5,0.26,1.4,1.2,0.0185,100.0%
186,Victor Wembanyama,REB,10.5,OVER,61.6%,B,DO NOT BET,59.75,NO GAME,,OVER,60.5%,58.65,NO GAME,OVER,60.9%,59.04,NO GAME,OVER,62.5%,60.59,NO GAME,OVER,62.6%,60.74,NO GAME,-0.22,-0.03,-2.0,-0.1,-0.54,1.0,0.8,0.0092,100.0%
187,Jaylen Brown,PRA,36.5,OVER,61.2%,D,DO NOT BET,59.63,✅ HIT,47.0,OVER,63.2%,61.63,✅ HIT,OVER,63.0%,61.46,✅ HIT,OVER,59.1%,57.59,✅ HIT,OVER,59.4%,57.87,✅ HIT,-0.44,0.14,1.27,1.3,-5.4,1.6,1.6,0.0191,100.0%
188,Stephon Castle,PA,22.5,OVER,58.6%,D,DO NOT BET,59.58,✅ HIT,40.0,OVER,61.5%,62.5,✅ HIT,OVER,61.9%,62.9,✅ HIT,OVER,55.2%,56.2,✅ HIT,OVER,55.7%,56.71,✅ HIT,-0.17,-0.06,0.85,-0.3,-0.49,1.2,1.6,0.0313,100.0%
189,LeBron James,FTM,3.5,UNDER,58.4%,B,DO NOT BET,59.48,❌ MISS,4.0,UNDER,59.9%,60.97,❌ MISS,UNDER,60.0%,61.13,❌ MISS,UNDER,56.5%,57.61,❌ MISS,UNDER,57.1%,58.18,❌ MISS,0.28,-0.2,-0.37,-0.3,0.71,1.0,0.8,0.0159,100.0%
190,CJ McCollum,PRA,25.5,OVER,59.1%,D,DO NOT BET,59.45,❌ MISS,20.0,OVER,59.5%,59.93,❌ MISS,OVER,59.5%,59.84,❌ MISS,OVER,58.5%,58.87,❌ MISS,OVER,58.8%,59.16,❌ MISS,-0.09,-0.9,0.05,-2.7,2.43,1.6,2.0,0.0045,100.0%
191,Derrick White,PRA,25.5,OVER,61.1%,D,DO NOT BET,59.45,NO GAME,,OVER,60.9%,59.22,NO GAME,OVER,60.7%,59.11,NO GAME,OVER,61.2%,59.59,NO GAME,OVER,61.5%,59.86,NO GAME,-0.23,-0.58,-0.09,-5.3,3.18,1.4,1.6,0.003,100.0%
192,Khris Middleton,PRA,17.5,OVER,59.1%,D,DO NOT BET,59.44,✅ HIT,38.0,OVER,62.6%,62.94,✅ HIT,OVER,62.5%,62.79,✅ HIT,OVER,55.5%,55.86,✅ HIT,OVER,55.8%,56.16,✅ HIT,-0.07,-0.11,-0.05,-0.7,0.26,1.0,1.2,0.0343,100.0%
193,Austin Reaves,PTS,21.5,UNDER,54.1%,D,DO NOT BET,59.41,❌ MISS,30.0,UNDER,53.1%,58.38,❌ MISS,UNDER,53.4%,58.67,❌ MISS,UNDER,54.8%,60.11,❌ MISS,UNDER,55.1%,60.46,❌ MISS,0.36,-0.05,1.2,-0.3,2.49,1.6,1.2,0.0089,100.0%
194,Paolo Banchero,PA,29.5,OVER,56.6%,D,DO NOT BET,59.4,❌ MISS,23.0,OVER,53.8%,56.6,❌ MISS,OVER,54.2%,56.98,❌ MISS,OVER,59.0%,61.75,❌ MISS,OVER,59.5%,62.26,❌ MISS,0.31,-0.38,-0.41,-2.7,4.92,1.0,1.2,0.0261,100.0%
195,Giannis Antetokounmpo,RA,14.5,OVER,60.3%,C,DO NOT BET,59.34,❌ MISS,9.0,OVER,61.7%,60.72,❌ MISS,OVER,60.6%,59.63,❌ MISS,OVER,60.1%,59.12,❌ MISS,OVER,58.9%,57.9,❌ MISS,-0.16,0.21,-1.33,0.9,-1.61,1.0,0.8,0.0101,100.0%
196,Luka Dončić,FTM,7.5,UNDER,58.7%,B,DO NOT BET,59.28,❌ MISS,8.0,UNDER,60.7%,61.3,❌ MISS,UNDER,60.7%,61.36,❌ MISS,UNDER,56.3%,56.95,❌ MISS,UNDER,56.9%,57.54,❌ MISS,0.15,-0.74,-0.58,-1.9,2.29,1.4,1.2,0.0205,100.0%
197,Jalen Suggs,PA,20.5,UNDER,61.4%,D,DO NOT BET,59.25,❌ MISS,36.0,UNDER,63.8%,61.71,❌ MISS,UNDER,63.6%,61.43,❌ MISS,UNDER,59.3%,57.16,❌ MISS,UNDER,58.9%,56.72,❌ MISS,-0.53,-0.25,-1.23,-0.7,-0.82,1.4,1.2,0.0232,100.0%
198,Shai Gilgeous-Alexander,RA,12.5,UNDER,59.2%,C,DO NOT BET,59.21,❌ MISS,15.0,UNDER,62.1%,62.18,❌ MISS,UNDER,60.7%,60.7,❌ MISS,UNDER,57.4%,57.43,❌ MISS,UNDER,56.5%,56.52,❌ MISS,-0.26,0.13,0.4,0.7,-2.13,1.2,1.6,0.0232,100.0%
199,Austin Reaves,TOV,2.5,UNDER,60.3%,A,BET WITH CAUTION,59.21,❌ MISS,3.0,UNDER,62.0%,60.86,❌ MISS,UNDER,61.9%,60.75,❌ MISS,UNDER,58.7%,57.64,❌ MISS,UNDER,58.7%,57.6,❌ MISS,0.28,-0.28,-3.0,-0.5,1.0,1.4,1.2,0.0159,100.0%
200,Kevin Porter Jr.,SB,2.5,UNDER,58.7%,A,DO NOT BET,59.15,❌ MISS,3.0,UNDER,57.9%,58.42,❌ MISS,UNDER,58.1%,58.6,❌ MISS,UNDER,59.3%,59.76,❌ MISS,UNDER,59.3%,59.83,❌ MISS,0.11,0.3,-0.89,0.5,-0.31,0.8,0.8,0.0064,100.0%
201,Tyler Herro,AST,3.5,OVER,61.2%,C,DO NOT BET,59.13,NO GAME,,OVER,62.9%,60.75,NO GAME,OVER,61.2%,59.11,NO GAME,OVER,61.3%,59.14,NO GAME,OVER,59.6%,57.53,NO GAME,-0.08,-0.36,-2.47,-0.9,0.7,1.0,0.8,0.0114,100.0%
202,De'Aaron Fox,FTM,2.5,UNDER,59.3%,B,DO NOT BET,59.12,❌ MISS,3.0,UNDER,56.3%,56.07,❌ MISS,UNDER,56.8%,56.63,❌ MISS,UNDER,62.2%,61.96,❌ MISS,UNDER,62.1%,61.84,❌ MISS,0.25,-2.37,-0.06,-1.5,1.66,1.8,2.0,0.0279,100.0%
203,VJ Edgecombe,PRA,28.5,UNDER,63.1%,D,DO NOT BET,59.11,✅ HIT,15.0,UNDER,64.6%,60.63,✅ HIT,UNDER,64.1%,60.16,✅ HIT,UNDER,61.9%,57.98,✅ HIT,UNDER,61.6%,57.65,✅ HIT,-0.44,-0.11,-0.56,-0.9,-2.76,0.8,0.4,0.013,100.0%
204,Victor Wembanyama,FTM,5.5,UNDER,59.5%,B,DO NOT BET,59.06,NO GAME,,UNDER,62.3%,61.84,NO GAME,UNDER,62.2%,61.73,NO GAME,UNDER,56.5%,56.06,NO GAME,UNDER,57.1%,56.63,NO GAME,0.1,0.25,-2.0,0.9,-0.52,0.8,0.8,0.0273,100.0%
205,Trae Young,TOV,2.5,OVER,59.6%,A,DO NOT BET,59.04,❌ MISS,2.0,OVER,63.2%,62.6,❌ MISS,OVER,62.4%,61.88,❌ MISS,OVER,56.7%,56.12,❌ MISS,OVER,56.1%,55.55,❌ MISS,-0.15,-0.68,-0.68,-1.1,0.85,1.2,1.6,0.0322,100.0%
206,Luka Dončić,PTS,31.5,UNDER,56.0%,D,DO NOT BET,58.96,❌ MISS,51.0,UNDER,60.8%,63.74,❌ MISS,UNDER,60.8%,63.74,❌ MISS,UNDER,51.0%,53.94,❌ MISS,UNDER,51.5%,54.44,❌ MISS,0.16,0.21,0.18,1.3,-0.29,1.4,1.2,0.0478,100.0%
207,Jaylen Brown,AST,5.5,UNDER,58.8%,C,DO NOT BET,58.95,❌ MISS,7.0,UNDER,58.4%,58.57,❌ MISS,UNDER,58.1%,58.31,❌ MISS,UNDER,59.4%,59.59,❌ MISS,UNDER,59.2%,59.35,❌ MISS,-0.74,3.88,-3.0,1.9,-2.26,0.4,0.0,0.0053,100.0%
208,VJ Edgecombe,STL,1.5,UNDER,60.1%,A,BET WITH CAUTION,58.89,✅ HIT,0.0,UNDER,58.8%,57.54,✅ HIT,UNDER,59.0%,57.74,✅ HIT,UNDER,61.3%,60.08,✅ HIT,UNDER,61.4%,60.19,✅ HIT,-0.0,0.79,-3.0,0.5,-0.5,1.0,0.4,0.0125,100.0%
209,Chet Holmgren,REB,8.5,OVER,60.2%,B,DO NOT BET,58.83,✅ HIT,9.0,OVER,60.2%,58.81,✅ HIT,OVER,60.6%,59.21,✅ HIT,OVER,59.9%,58.52,✅ HIT,OVER,60.2%,58.79,✅ HIT,-0.11,-0.65,-1.5,-3.1,2.56,1.4,1.6,0.0025,100.0%
210,Payton Pritchard,PTS,15.5,OVER,57.4%,D,DO NOT BET,58.82,❌ MISS,14.0,OVER,53.6%,55.09,❌ MISS,OVER,53.1%,54.56,❌ MISS,OVER,61.9%,63.31,❌ MISS,OVER,60.9%,62.34,❌ MISS,-0.13,0.32,1.44,3.3,-4.67,1.2,1.2,0.0402,100.0%
211,Jayson Tatum,3PM,2.5,OVER,59.1%,S,DO NOT BET,58.75,NO GAME,,OVER,59.5%,59.15,NO GAME,OVER,59.2%,58.79,NO GAME,OVER,59.2%,58.79,NO GAME,OVER,58.7%,58.28,NO GAME,-0.61,-0.61,-0.25,-0.5,0.0,1.6,1.6,0.0031,100.0%
212,Jayson Tatum,FTM,2.5,UNDER,57.8%,B,DO NOT BET,58.73,NO GAME,,UNDER,59.1%,60.04,NO GAME,UNDER,59.3%,60.28,NO GAME,UNDER,56.0%,56.98,NO GAME,UNDER,56.7%,57.61,NO GAME,-0.18,-0.18,1.0,-0.5,-0.0,0.8,1.2,0.0146,100.0%
213,Jaylen Brown,PTS,24.5,UNDER,54.3%,D,DO NOT BET,58.71,❌ MISS,34.0,UNDER,51.5%,55.92,❌ MISS,UNDER,51.9%,56.26,❌ MISS,UNDER,56.8%,61.19,❌ MISS,UNDER,57.1%,61.46,❌ MISS,0.58,-0.62,-0.82,-4.1,7.93,1.4,1.6,0.0262,100.0%
214,Paolo Banchero,FTM,5.5,OVER,58.2%,B,DO NOT BET,58.66,✅ HIT,10.0,OVER,55.3%,55.81,✅ HIT,OVER,53.5%,53.96,✅ HIT,OVER,63.4%,63.86,✅ HIT,OVER,60.6%,61.03,✅ HIT,-0.25,0.33,-0.27,0.7,-1.24,1.2,1.2,0.0397,100.0%
215,Payton Pritchard,PA,19.5,OVER,58.4%,D,DO NOT BET,58.63,❌ MISS,18.0,OVER,54.7%,54.88,❌ MISS,OVER,55.1%,55.27,❌ MISS,OVER,61.7%,61.92,❌ MISS,OVER,62.2%,62.43,❌ MISS,-0.21,0.15,1.81,1.9,-4.64,1.2,1.2,0.0355,100.0%
216,CJ McCollum,REB,3.5,UNDER,56.5%,B,DO NOT BET,58.61,❌ MISS,4.0,UNDER,56.9%,58.95,❌ MISS,UNDER,55.8%,57.82,❌ MISS,UNDER,57.3%,59.35,❌ MISS,UNDER,56.2%,58.31,❌ MISS,-0.01,0.33,0.55,0.9,-0.92,1.2,1.2,0.0059,100.0%
217,CJ McCollum,3PA,6.5,UNDER,57.8%,B,DO NOT BET,58.58,❌ MISS,7.0,UNDER,55.8%,56.63,❌ MISS,UNDER,56.0%,56.77,❌ MISS,UNDER,59.7%,60.47,❌ MISS,UNDER,59.6%,60.46,❌ MISS,0.15,-0.2,-0.13,-0.3,0.52,0.8,0.8,0.0188,100.0%
218,Austin Reaves,AST,5.5,UNDER,57.7%,C,DO NOT BET,58.56,❌ MISS,7.0,UNDER,58.3%,59.14,❌ MISS,UNDER,58.0%,58.88,❌ MISS,UNDER,57.3%,58.12,❌ MISS,UNDER,57.2%,58.08,❌ MISS,-0.02,0.06,-0.75,0.1,-0.14,1.6,1.2,0.0046,100.0%
219,Cooper Flagg,PR,29.5,UNDER,65.2%,D,STRONG BET,58.52,✅ HIT,19.0,UNDER,62.7%,56.02,✅ HIT,UNDER,62.4%,55.64,✅ HIT,UNDER,68.0%,61.28,✅ HIT,UNDER,67.9%,61.16,✅ HIT,-0.87,-1.11,-3.0,-3.5,0.75,1.0,1.6,0.027,100.0%
220,Andrew Nembhard,3PM,1.5,OVER,58.6%,S,DO NOT BET,58.49,✅ HIT,2.0,OVER,56.5%,56.38,✅ HIT,OVER,56.1%,56.05,✅ HIT,OVER,61.1%,61.03,✅ HIT,OVER,60.6%,60.49,✅ HIT,-0.36,-0.26,-0.27,-0.3,-0.12,1.2,1.2,0.0228,100.0%
221,Jaylen Brown,3PM,1.5,OVER,57.2%,S,DO NOT BET,58.44,❌ MISS,1.0,OVER,56.9%,58.12,❌ MISS,OVER,56.5%,57.79,❌ MISS,OVER,57.9%,59.17,❌ MISS,OVER,57.4%,58.68,❌ MISS,-0.67,0.4,1.0,0.3,-0.8,1.0,0.8,0.0053,100.0%
222,Paolo Banchero,PR,32.5,OVER,56.1%,D,DO NOT BET,58.41,❌ MISS,28.0,OVER,53.2%,55.41,❌ MISS,OVER,53.0%,55.28,❌ MISS,OVER,59.2%,61.41,❌ MISS,OVER,59.3%,61.53,❌ MISS,0.33,-0.73,-0.41,-3.7,5.37,1.4,1.6,0.0306,100.0%
223,Josh Giddey,PRA,35.5,UNDER,57.0%,D,DO NOT BET,58.38,❌ MISS,50.0,UNDER,58.8%,60.21,❌ MISS,UNDER,58.5%,59.86,❌ MISS,UNDER,55.5%,56.89,❌ MISS,UNDER,55.2%,56.56,❌ MISS,-0.09,0.42,0.59,3.3,-4.03,1.2,0.8,0.0167,100.0%
224,Andrew Nembhard,RA,9.5,OVER,57.5%,C,DO NOT BET,58.35,❌ MISS,2.0,OVER,55.7%,56.57,❌ MISS,OVER,55.2%,56.13,❌ MISS,OVER,60.1%,60.97,❌ MISS,OVER,58.9%,59.75,❌ MISS,-0.27,0.28,0.37,0.7,-1.38,1.2,1.2,0.0206,100.0%
225,Jaime Jaquez Jr.,3PM,0.5,OVER,58.1%,S,DO NOT BET,58.32,❌ MISS,0.0,OVER,57.1%,57.34,❌ MISS,OVER,56.8%,57.0,❌ MISS,OVER,59.5%,59.72,❌ MISS,OVER,59.0%,59.2,❌ MISS,-0.08,-0.81,0.0,-1.1,0.99,1.2,1.6,0.0117,100.0%
226,Kevin Porter Jr.,RA,11.5,UNDER,56.0%,C,DO NOT BET,58.28,❌ MISS,12.0,UNDER,55.4%,57.75,❌ MISS,UNDER,54.6%,56.97,❌ MISS,UNDER,57.3%,59.65,❌ MISS,UNDER,56.4%,58.74,❌ MISS,0.3,0.09,-0.11,0.3,0.74,1.0,0.8,0.0101,100.0%
227,Tim Hardaway Jr.,PRA,14.5,OVER,61.5%,D,DO NOT BET,58.25,❌ MISS,4.0,OVER,58.4%,55.22,❌ MISS,OVER,58.4%,55.16,❌ MISS,OVER,64.4%,61.18,❌ MISS,OVER,64.6%,61.43,❌ MISS,-0.43,-0.39,-0.4,-3.1,-0.29,1.4,1.2,0.0306,100.0%
228,LeBron James,PR,24.5,OVER,60.5%,D,DO NOT BET,58.23,✅ HIT,25.0,OVER,59.6%,57.33,✅ HIT,OVER,59.2%,56.98,✅ HIT,OVER,61.5%,59.24,✅ HIT,OVER,61.6%,59.36,✅ HIT,-0.76,-0.09,-0.04,-0.3,-2.27,1.2,1.2,0.0108,100.0%
229,Payton Pritchard,3PA,7.5,UNDER,58.2%,B,DO NOT BET,58.12,❌ MISS,9.0,UNDER,56.7%,56.62,❌ MISS,UNDER,56.7%,56.7,❌ MISS,UNDER,59.6%,59.58,❌ MISS,UNDER,59.6%,59.57,❌ MISS,-0.18,-0.42,-0.25,-0.9,0.51,1.2,1.2,0.0146,100.0%
230,Nikola Jokić,PA,38.5,OVER,57.8%,D,DO NOT BET,58.11,✅ HIT,43.0,OVER,56.0%,56.23,✅ HIT,OVER,56.3%,56.62,✅ HIT,OVER,59.2%,59.53,✅ HIT,OVER,59.8%,60.04,✅ HIT,-0.07,0.2,-0.5,1.5,-2.04,1.2,1.2,0.0169,100.0%
231,Luka Dončić,PA,39.5,UNDER,54.6%,D,DO NOT BET,58.09,❌ MISS,60.0,UNDER,54.7%,58.17,❌ MISS,UNDER,54.3%,57.83,❌ MISS,UNDER,54.9%,58.4,❌ MISS,UNDER,54.4%,57.94,❌ MISS,0.26,0.02,0.35,0.1,1.36,1.4,1.2,0.0022,100.0%
232,Giannis Antetokounmpo,PRA,41.5,OVER,58.3%,D,DO NOT BET,58.03,❌ MISS,40.0,OVER,59.7%,59.45,❌ MISS,OVER,59.6%,59.36,❌ MISS,OVER,56.8%,56.51,❌ MISS,OVER,57.0%,56.81,❌ MISS,-0.2,0.93,-0.69,5.1,-6.19,0.8,0.8,0.0137,100.0%
233,Paolo Banchero,RA,13.5,OVER,56.9%,C,DO NOT BET,57.93,✅ HIT,15.0,OVER,57.9%,58.84,✅ HIT,OVER,57.2%,58.16,✅ HIT,OVER,56.8%,57.77,✅ HIT,OVER,56.0%,56.94,✅ HIT,-0.01,-0.13,-0.22,-0.5,0.44,1.4,1.2,0.0068,100.0%
234,Stephon Castle,FTM,3.5,UNDER,60.3%,B,BET WITH CAUTION,57.91,❌ MISS,12.0,UNDER,61.0%,58.6,❌ MISS,UNDER,61.0%,58.63,❌ MISS,UNDER,59.5%,57.09,❌ MISS,UNDER,59.7%,57.3,❌ MISS,0.36,-0.19,-4.5,-0.3,0.87,1.4,1.6,0.0071,100.0%
235,Myles Turner,PRA,15.5,OVER,62.0%,D,DO NOT BET,57.91,❌ MISS,13.0,OVER,61.1%,57.02,❌ MISS,OVER,61.0%,56.9,❌ MISS,OVER,62.8%,58.73,❌ MISS,OVER,63.1%,58.99,❌ MISS,-0.37,0.11,-0.85,1.1,-4.9,0.8,0.4,0.0096,100.0%
236,VJ Edgecombe,REB,4.5,OVER,60.9%,B,DO NOT BET,57.89,✅ HIT,5.0,OVER,62.0%,58.96,✅ HIT,OVER,62.3%,59.29,✅ HIT,OVER,59.5%,56.5,✅ HIT,OVER,59.8%,56.79,✅ HIT,-0.69,-0.88,-2.0,-1.3,0.28,1.6,1.6,0.0125,100.0%
237,Victor Wembanyama,TOV,2.5,UNDER,56.0%,A,DO NOT BET,57.87,NO GAME,,UNDER,60.8%,62.65,NO GAME,UNDER,60.7%,62.58,NO GAME,UNDER,51.1%,52.99,NO GAME,UNDER,51.4%,53.26,NO GAME,0.03,-0.22,1.0,-0.5,0.57,1.0,1.2,0.0475,100.0%
238,Trae Young,REB,1.5,OVER,58.1%,B,DO NOT BET,57.87,✅ HIT,3.0,OVER,58.2%,57.92,✅ HIT,OVER,58.7%,58.42,✅ HIT,OVER,57.7%,57.4,✅ HIT,OVER,58.0%,57.77,✅ HIT,-0.19,-0.23,-0.6,-0.3,0.05,1.0,1.2,0.0036,100.0%
239,Kevin Porter Jr.,PR,19.5,OVER,60.7%,D,DO NOT BET,57.84,❌ MISS,13.0,OVER,61.7%,58.83,❌ MISS,OVER,61.3%,58.41,❌ MISS,OVER,59.9%,56.99,❌ MISS,OVER,60.0%,57.12,❌ MISS,-0.32,-0.29,-0.3,-2.9,-0.26,1.2,0.8,0.008,100.0%
240,Jalen Johnson,FTM,4.5,UNDER,58.3%,B,DO NOT BET,57.82,✅ HIT,3.0,UNDER,58.5%,58.04,✅ HIT,UNDER,58.8%,58.35,✅ HIT,UNDER,57.7%,57.24,✅ HIT,UNDER,58.1%,57.66,✅ HIT,-0.01,-0.04,-1.38,-0.1,0.07,1.0,0.8,0.0042,100.0%
241,Chet Holmgren,PTS,15.5,UNDER,53.0%,D,DO NOT BET,57.8,✅ HIT,14.0,UNDER,52.1%,56.91,✅ HIT,UNDER,52.4%,57.24,✅ HIT,UNDER,53.5%,58.33,✅ HIT,UNDER,53.9%,58.73,✅ HIT,0.25,0.1,1.5,0.7,1.09,1.2,1.2,0.0075,100.0%
242,Aaron Gordon,RA,7.5,OVER,58.0%,C,DO NOT BET,57.69,NO GAME,,OVER,58.7%,58.41,NO GAME,OVER,57.9%,57.64,NO GAME,OVER,58.1%,57.86,NO GAME,OVER,57.1%,56.87,NO GAME,-0.39,-0.38,0.0,-1.1,-0.02,1.6,1.2,0.0056,100.0%
243,LeBron James,FGA,14.5,OVER,60.0%,D,DO NOT BET,57.64,❌ MISS,13.0,OVER,61.4%,59.05,❌ MISS,OVER,58.8%,56.46,❌ MISS,OVER,60.9%,58.59,❌ MISS,OVER,58.8%,56.45,❌ MISS,-0.78,0.59,-1.69,1.1,-2.55,1.0,0.8,0.0119,100.0%
244,Jalen Green,3PM,2.5,UNDER,58.2%,S,DO NOT BET,57.63,❌ MISS,3.0,UNDER,52.4%,51.86,❌ MISS,UNDER,52.7%,52.1,❌ MISS,UNDER,63.8%,63.27,❌ MISS,UNDER,63.9%,63.32,❌ MISS,-0.43,0.1,-1.0,0.1,-0.54,1.2,0.8,0.0566,100.0%
245,Jalen Suggs,3PA,6.5,UNDER,57.9%,B,DO NOT BET,57.56,❌ MISS,8.0,UNDER,58.5%,58.1,❌ MISS,UNDER,58.4%,58.03,❌ MISS,UNDER,57.3%,56.99,❌ MISS,UNDER,57.5%,57.14,❌ MISS,-0.14,-0.21,-0.52,-0.7,0.22,1.0,1.2,0.005,100.0%
246,Stephon Castle,TOV,2.5,UNDER,58.1%,A,DO NOT BET,57.54,✅ HIT,2.0,UNDER,53.4%,52.85,✅ HIT,UNDER,53.6%,53.04,✅ HIT,UNDER,62.7%,62.22,✅ HIT,UNDER,62.5%,62.04,✅ HIT,0.66,-0.31,-2.92,-0.3,0.95,1.4,1.6,0.0459,100.0%
247,CJ McCollum,PTS,17.5,OVER,56.8%,D,DO NOT BET,57.53,❌ MISS,14.0,OVER,59.0%,59.73,❌ MISS,OVER,58.3%,59.01,❌ MISS,OVER,55.4%,56.06,❌ MISS,OVER,54.6%,55.31,❌ MISS,-0.28,-0.23,1.33,-0.9,-0.2,1.0,1.2,0.0188,100.0%
248,Nikola Jokić,PR,40.5,OVER,57.2%,D,DO NOT BET,57.48,✅ HIT,51.0,OVER,54.0%,54.3,✅ HIT,OVER,53.9%,54.13,✅ HIT,OVER,60.4%,60.67,✅ HIT,OVER,60.6%,60.8,✅ HIT,-0.09,0.24,-0.44,1.7,-2.36,1.2,0.8,0.0326,100.0%
249,Chet Holmgren,BLK,1.5,UNDER,57.1%,S,BET WITH CAUTION,57.44,✅ HIT,0.0,UNDER,58.7%,59.1,✅ HIT,UNDER,59.3%,59.65,✅ HIT,UNDER,54.8%,55.18,✅ HIT,UNDER,55.5%,55.84,✅ HIT,0.39,0.46,-1.5,0.5,-0.07,0.6,0.4,0.0196,100.0%
250,Paolo Banchero,PRA,38.5,OVER,53.9%,D,DO NOT BET,57.4,❌ MISS,33.0,OVER,51.3%,54.81,❌ MISS,OVER,51.4%,54.92,❌ MISS,OVER,56.3%,59.78,❌ MISS,OVER,56.5%,60.08,❌ MISS,0.59,-0.6,-0.33,-2.7,5.37,1.2,1.6,0.0253,100.0%
251,Jayson Tatum,PR,25.5,OVER,59.7%,D,DO NOT BET,57.35,NO GAME,,OVER,57.8%,55.51,NO GAME,OVER,57.5%,55.22,NO GAME,OVER,61.6%,59.27,NO GAME,OVER,61.7%,59.4,NO GAME,-0.33,-0.33,-2.6,-0.83,0.0,1.8,1.6,0.0199,100.0%
252,Nikola Jokić,3PA,4.5,UNDER,55.8%,B,DO NOT BET,57.24,❌ MISS,6.0,UNDER,55.1%,56.59,❌ MISS,UNDER,55.3%,56.79,❌ MISS,UNDER,56.2%,57.7,❌ MISS,UNDER,56.5%,57.91,❌ MISS,0.09,-0.47,0.36,-1.3,1.56,1.2,1.2,0.0057,100.0%
253,Josh Giddey,PR,26.5,UNDER,55.8%,D,DO NOT BET,57.14,❌ MISS,35.0,UNDER,54.2%,55.55,❌ MISS,UNDER,54.1%,55.44,❌ MISS,UNDER,57.5%,58.86,❌ MISS,UNDER,57.4%,58.73,❌ MISS,-0.08,0.24,0.36,1.3,-1.71,1.2,0.8,0.0165,100.0%
254,De'Aaron Fox,PRA,27.5,OVER,59.5%,D,DO NOT BET,57.07,✅ HIT,39.0,OVER,61.6%,59.22,✅ HIT,OVER,61.5%,59.09,✅ HIT,OVER,57.2%,54.84,✅ HIT,OVER,57.5%,55.14,✅ HIT,-0.29,-0.83,-0.59,-4.3,2.82,0.8,1.6,0.0209,100.0%
255,Cooper Flagg,PRA,34.5,UNDER,66.5%,D,STRONG BET,57.05,✅ HIT,26.0,UNDER,66.5%,57.02,✅ HIT,UNDER,66.0%,56.52,✅ HIT,UNDER,67.0%,57.5,✅ HIT,UNDER,66.7%,57.18,✅ HIT,-2.09,-2.09,-3.0,-3.5,-0.0,1.2,2.0,0.0036,100.0%
256,Jaylen Brown,PA,29.5,OVER,59.1%,D,DO NOT BET,56.97,✅ HIT,41.0,OVER,58.9%,56.77,✅ HIT,OVER,59.3%,57.17,✅ HIT,OVER,58.9%,56.72,✅ HIT,OVER,59.4%,57.22,✅ HIT,-0.58,0.25,0.96,1.7,-5.67,1.2,1.2,0.0023,100.0%
257,Jalen Green,3PA,7.5,OVER,55.5%,B,DO NOT BET,56.91,✅ HIT,9.0,OVER,54.9%,56.28,✅ HIT,OVER,53.9%,55.25,✅ HIT,OVER,57.2%,58.61,✅ HIT,OVER,56.1%,57.48,✅ HIT,0.23,-1.68,1.0,-1.5,1.71,1.6,2.0,0.0126,100.0%
258,Cade Cunningham,3PA,5.5,OVER,57.0%,B,DO NOT BET,56.9,❌ MISS,2.0,OVER,58.1%,57.99,❌ MISS,OVER,56.8%,56.72,❌ MISS,OVER,57.1%,57.01,❌ MISS,OVER,56.0%,55.89,❌ MISS,-0.2,-0.47,-0.12,-1.1,0.64,1.2,1.2,0.0075,100.0%
259,Nikola Jokić,REB,12.5,UNDER,56.2%,B,DO NOT BET,56.89,❌ MISS,20.0,UNDER,57.0%,57.65,❌ MISS,UNDER,55.8%,56.51,❌ MISS,UNDER,56.5%,57.21,❌ MISS,UNDER,55.5%,56.19,❌ MISS,0.01,-0.46,-0.09,-0.9,0.92,1.2,1.6,0.0057,100.0%
260,LeBron James,3PM,1.5,UNDER,57.1%,S,DO NOT BET,56.88,✅ HIT,0.0,UNDER,56.5%,56.34,✅ HIT,UNDER,56.7%,56.53,✅ HIT,UNDER,57.4%,57.22,✅ HIT,UNDER,57.6%,57.42,✅ HIT,-0.04,0.06,-1.33,0.1,-0.17,1.2,1.2,0.0045,100.0%
261,Jalen Green,PRA,28.5,UNDER,66.1%,D,STRONG BET,56.81,❌ MISS,43.0,UNDER,64.4%,55.12,❌ MISS,UNDER,64.0%,54.65,❌ MISS,UNDER,68.2%,58.88,❌ MISS,UNDER,67.9%,58.56,❌ MISS,-1.28,-0.08,-1.6,-0.5,-7.06,1.2,0.8,0.0193,100.0%
262,Luka Dončić,PRA,48.5,UNDER,54.4%,D,DO NOT BET,56.66,❌ MISS,70.0,UNDER,55.8%,58.03,❌ MISS,UNDER,55.5%,57.74,❌ MISS,UNDER,53.4%,55.61,❌ MISS,UNDER,53.0%,55.28,❌ MISS,0.06,0.17,0.27,0.9,-0.57,1.4,1.2,0.0123,100.0%
263,Cade Cunningham,STL,1.5,UNDER,59.5%,A,DO NOT BET,56.64,❌ MISS,2.0,UNDER,54.5%,51.67,❌ MISS,UNDER,54.8%,51.95,❌ MISS,UNDER,64.3%,61.45,❌ MISS,UNDER,64.4%,61.49,❌ MISS,-0.08,-0.94,-3.0,-0.7,0.64,1.2,1.6,0.0483,100.0%
264,Jaime Jaquez Jr.,AST,4.5,UNDER,56.1%,C,DO NOT BET,56.6,❌ MISS,7.0,UNDER,56.1%,56.59,❌ MISS,UNDER,56.1%,56.53,❌ MISS,UNDER,56.2%,56.61,❌ MISS,UNDER,56.2%,56.66,❌ MISS,0.1,0.9,-2.12,1.5,-1.33,1.4,0.8,0.0005,100.0%
265,Jayson Tatum,FGA,16.5,OVER,59.0%,D,DO NOT BET,56.49,NO GAME,,OVER,56.6%,54.06,NO GAME,OVER,54.8%,52.26,NO GAME,OVER,63.6%,61.06,NO GAME,OVER,61.1%,58.59,NO GAME,-0.57,-0.57,-0.58,-2.17,0.0,1.4,1.2,0.035,100.0%
266,LeBron James,AST,6.5,OVER,56.2%,C,DO NOT BET,56.41,✅ HIT,7.0,OVER,57.0%,57.28,✅ HIT,OVER,55.9%,56.12,✅ HIT,OVER,56.5%,56.73,✅ HIT,OVER,55.3%,55.52,✅ HIT,-0.31,-0.19,0.03,-0.3,-0.2,1.2,1.2,0.0066,100.0%
267,Jaylen Brown,REB,6.5,OVER,53.9%,B,DO NOT BET,56.41,❌ MISS,6.0,OVER,53.2%,55.62,❌ MISS,OVER,53.9%,56.34,❌ MISS,OVER,54.1%,56.56,❌ MISS,OVER,54.6%,57.11,❌ MISS,-0.21,-0.3,2.0,-0.9,0.26,1.6,1.6,0.0053,100.0%
268,Jayson Tatum,RA,11.5,UNDER,57.1%,C,DO NOT BET,56.41,NO GAME,,UNDER,57.4%,56.7,NO GAME,UNDER,56.4%,55.7,NO GAME,UNDER,57.9%,57.11,NO GAME,UNDER,56.9%,56.14,NO GAME,-0.19,-0.19,0.4,-1.17,-0.0,0.4,0.8,0.0054,100.0%
269,Jalen Johnson,FGA,17.5,UNDER,56.9%,D,DO NOT BET,56.36,✅ HIT,15.0,UNDER,57.3%,56.69,✅ HIT,UNDER,56.6%,56.07,✅ HIT,UNDER,57.1%,56.52,✅ HIT,UNDER,56.7%,56.14,✅ HIT,-0.06,-0.7,-0.26,-4.1,3.74,0.8,1.2,0.0026,100.0%
270,Victor Wembanyama,FGA,18.5,UNDER,57.4%,D,DO NOT BET,56.35,NO GAME,,UNDER,62.8%,61.71,NO GAME,UNDER,61.2%,60.16,NO GAME,UNDER,52.7%,51.63,NO GAME,UNDER,52.9%,51.88,NO GAME,-0.34,-0.28,0.67,-1.9,-0.4,1.2,0.8,0.0462,100.0%
271,Derrick White,FTM,2.5,UNDER,55.4%,B,DO NOT BET,56.31,NO GAME,,UNDER,54.9%,55.87,NO GAME,UNDER,55.6%,56.58,NO GAME,UNDER,55.1%,56.03,NO GAME,UNDER,55.8%,56.77,NO GAME,0.02,0.84,-1.0,2.5,-2.43,1.0,0.8,0.0038,100.0%
272,Jamal Murray,3PA,6.5,UNDER,54.4%,B,DO NOT BET,56.3,✅ HIT,6.0,UNDER,55.8%,57.73,✅ HIT,UNDER,56.0%,57.87,✅ HIT,UNDER,52.7%,54.57,✅ HIT,UNDER,53.1%,55.03,✅ HIT,0.22,0.03,-0.43,0.1,0.76,1.2,1.2,0.0151,100.0%
273,Paolo Banchero,FGA,16.5,OVER,55.6%,D,DO NOT BET,56.27,❌ MISS,13.0,OVER,56.7%,57.35,❌ MISS,OVER,54.9%,55.53,❌ MISS,OVER,56.2%,56.85,❌ MISS,OVER,54.7%,55.34,❌ MISS,0.2,-0.9,-0.18,-1.5,1.83,1.2,1.6,0.0085,100.0%
274,De'Aaron Fox,3PM,1.5,OVER,56.9%,S,DO NOT BET,56.22,✅ HIT,4.0,OVER,59.1%,58.39,✅ HIT,OVER,58.7%,58.04,✅ HIT,OVER,55.1%,54.45,✅ HIT,OVER,54.7%,54.01,✅ HIT,-0.35,-0.26,-0.46,-0.3,-0.11,0.8,0.8,0.02,100.0%
275,Jamal Murray,FGA,18.5,UNDER,55.7%,D,DO NOT BET,56.16,❌ MISS,21.0,UNDER,56.7%,57.15,❌ MISS,UNDER,56.1%,56.64,❌ MISS,UNDER,55.0%,55.45,❌ MISS,UNDER,54.9%,55.37,❌ MISS,-0.02,-0.11,-0.27,-0.5,0.39,1.0,0.8,0.0076,100.0%
276,Cade Cunningham,PR,30.5,UNDER,55.9%,D,DO NOT BET,56.11,✅ HIT,13.0,UNDER,58.0%,58.25,✅ HIT,UNDER,57.8%,58.01,✅ HIT,UNDER,53.9%,54.15,✅ HIT,UNDER,53.8%,54.02,✅ HIT,0.05,-0.65,-0.67,-4.1,4.39,1.2,1.6,0.0202,100.0%
277,LeBron James,PTS,19.5,OVER,57.2%,D,DO NOT BET,56.11,❌ MISS,18.0,OVER,58.4%,57.33,❌ MISS,OVER,57.7%,56.63,❌ MISS,OVER,56.7%,55.63,❌ MISS,OVER,55.9%,54.84,❌ MISS,-0.55,-0.03,0.04,-0.1,-1.83,1.4,1.2,0.0095,100.0%
278,Tim Hardaway Jr.,PTS,10.5,OVER,59.5%,D,DO NOT BET,56.09,❌ MISS,1.0,OVER,56.0%,52.64,❌ MISS,OVER,55.4%,52.02,❌ MISS,OVER,63.7%,60.36,❌ MISS,OVER,62.7%,59.34,❌ MISS,-0.44,-0.42,-0.46,-3.3,-0.17,1.4,1.2,0.0378,100.0%
279,Bam Adebayo,FGA,17.5,OVER,54.2%,D,DO NOT BET,56.08,✅ HIT,20.0,OVER,54.5%,56.44,✅ HIT,OVER,53.1%,54.98,✅ HIT,OVER,55.3%,57.14,✅ HIT,OVER,53.9%,55.76,✅ HIT,0.19,-0.76,-0.41,-7.5,9.36,1.0,1.2,0.008,100.0%
280,Shai Gilgeous-Alexander,TOV,2.5,UNDER,55.6%,A,DO NOT BET,56.05,❌ MISS,4.0,UNDER,56.0%,56.52,❌ MISS,UNDER,56.1%,56.61,❌ MISS,UNDER,55.0%,55.48,❌ MISS,UNDER,55.1%,55.6,❌ MISS,-0.26,-0.2,0.75,-0.3,-0.09,0.6,0.8,0.0052,100.0%
281,Jaylen Brown,3PA,5.5,UNDER,55.3%,B,DO NOT BET,55.97,✅ HIT,4.0,UNDER,55.8%,56.41,✅ HIT,UNDER,55.9%,56.56,✅ HIT,UNDER,54.7%,55.3,✅ HIT,UNDER,55.0%,55.63,✅ HIT,0.12,-0.92,-0.0,-1.9,2.14,1.2,1.6,0.0053,100.0%
282,CJ McCollum,PR,21.5,OVER,56.0%,D,DO NOT BET,55.94,❌ MISS,18.0,OVER,57.2%,57.22,❌ MISS,OVER,57.0%,56.94,❌ MISS,OVER,54.8%,54.74,❌ MISS,OVER,54.9%,54.87,❌ MISS,-0.14,-0.31,-0.17,-1.3,0.72,1.2,0.8,0.0114,100.0%
283,Ivica Zubac,AST,1.5,UNDER,51.7%,C,DO NOT BET,55.81,❌ MISS,2.0,UNDER,51.2%,55.31,❌ MISS,UNDER,51.6%,55.71,❌ MISS,UNDER,51.8%,55.9,❌ MISS,UNDER,52.3%,56.36,❌ MISS,0.98,0.4,0.96,0.3,0.43,1.0,0.8,0.0038,100.0%
284,Luka Dončić,3PM,3.5,OVER,56.4%,S,DO NOT BET,55.75,✅ HIT,9.0,OVER,56.1%,55.45,✅ HIT,OVER,55.7%,55.12,✅ HIT,OVER,57.1%,56.46,✅ HIT,OVER,56.6%,55.98,✅ HIT,-0.17,-0.6,-0.99,-0.9,0.65,1.4,1.2,0.0052,100.0%
285,Victor Wembanyama,PR,35.5,OVER,55.7%,D,DO NOT BET,55.74,NO GAME,,OVER,53.0%,53.08,NO GAME,OVER,52.9%,52.94,NO GAME,OVER,58.4%,58.4,NO GAME,OVER,58.5%,58.53,NO GAME,0.01,-0.29,-1.25,-3.7,3.87,1.4,1.6,0.0273,100.0%
286,Paolo Banchero,AST,5.5,UNDER,56.1%,C,DO NOT BET,55.65,✅ HIT,5.0,UNDER,56.1%,55.62,✅ HIT,UNDER,56.1%,55.57,✅ HIT,UNDER,56.2%,55.68,✅ HIT,UNDER,56.2%,55.74,✅ HIT,-0.3,-0.3,-0.0,-0.5,-0.0,0.6,0.8,0.0006,100.0%
287,Cade Cunningham,RA,15.5,OVER,53.4%,C,DO NOT BET,55.57,✅ HIT,18.0,OVER,55.0%,57.15,✅ HIT,OVER,54.6%,56.78,✅ HIT,OVER,52.2%,54.31,✅ HIT,OVER,51.9%,54.04,✅ HIT,-0.02,-0.03,0.67,-0.1,0.02,1.6,1.2,0.014,100.0%
288,Jamal Murray,PTS,23.5,UNDER,52.4%,D,DO NOT BET,55.57,❌ MISS,39.0,UNDER,52.7%,55.89,❌ MISS,UNDER,53.0%,56.19,❌ MISS,UNDER,51.7%,54.86,❌ MISS,UNDER,52.2%,55.34,❌ MISS,0.18,0.34,-0.15,3.7,-1.72,0.8,0.8,0.0051,100.0%
289,Derrick White,3PM,2.5,OVER,55.1%,S,DO NOT BET,55.57,NO GAME,,OVER,55.2%,55.64,NO GAME,OVER,54.8%,55.32,NO GAME,OVER,55.4%,55.89,NO GAME,OVER,55.0%,55.44,NO GAME,-0.26,0.07,-0.37,0.1,-0.46,1.4,1.2,0.0022,100.0%
290,Devin Booker,3PA,6.5,UNDER,55.4%,B,DO NOT BET,55.56,❌ MISS,7.0,UNDER,55.0%,55.14,❌ MISS,UNDER,55.2%,55.36,❌ MISS,UNDER,55.6%,55.74,❌ MISS,UNDER,55.9%,56.0,❌ MISS,-0.36,0.8,-0.13,1.7,-2.47,0.6,0.4,0.0033,100.0%
291,Desmond Bane,AST,4.5,UNDER,54.9%,C,DO NOT BET,55.53,❌ MISS,6.0,UNDER,54.7%,55.34,❌ MISS,UNDER,54.8%,55.42,❌ MISS,UNDER,54.9%,55.6,❌ MISS,UNDER,55.1%,55.76,❌ MISS,-0.13,0.33,-0.46,0.7,-0.98,1.2,1.2,0.0017,100.0%
292,Desmond Bane,PA,27.5,OVER,50.5%,D,DO NOT BET,55.49,✅ HIT,28.0,OVER,50.9%,55.86,✅ HIT,OVER,51.2%,56.23,✅ HIT,UNDER,50.3%,47.31,❌ MISS,OVER,50.2%,55.18,✅ HIT,0.34,-0.26,0.82,-2.1,4.79,1.4,1.2,0.006,75.0%
293,Aaron Gordon,3PM,1.5,UNDER,54.8%,S,DO NOT BET,55.48,NO GAME,,UNDER,52.5%,53.19,NO GAME,UNDER,52.7%,53.43,NO GAME,UNDER,56.8%,57.54,NO GAME,UNDER,57.0%,57.75,NO GAME,0.26,-0.94,-0.0,-0.7,0.89,1.2,1.6,0.0217,100.0%
294,Desmond Bane,PR,27.5,UNDER,58.2%,D,DO NOT BET,55.48,✅ HIT,23.0,UNDER,58.0%,55.25,✅ HIT,UNDER,57.8%,55.01,✅ HIT,UNDER,58.7%,55.9,✅ HIT,UNDER,58.5%,55.77,✅ HIT,-0.38,0.24,-0.93,1.7,-4.39,1.0,1.2,0.0037,100.0%
295,Stephon Castle,AST,6.5,UNDER,53.4%,C,DO NOT BET,55.48,❌ MISS,10.0,UNDER,52.5%,54.64,❌ MISS,UNDER,52.8%,54.92,❌ MISS,UNDER,53.9%,56.04,❌ MISS,UNDER,54.2%,56.31,❌ MISS,0.16,0.66,-0.33,1.7,-1.29,1.2,0.8,0.0071,100.0%
296,Derrick White,PR,20.5,OVER,56.5%,D,DO NOT BET,55.46,NO GAME,,OVER,55.1%,54.13,NO GAME,OVER,54.9%,53.93,NO GAME,OVER,57.8%,56.83,NO GAME,OVER,58.0%,56.96,NO GAME,-0.15,-0.52,-0.13,-4.7,3.3,1.2,1.2,0.0143,100.0%
297,Andrew Nembhard,PR,19.5,OVER,54.5%,D,DO NOT BET,55.44,✅ HIT,23.0,OVER,55.6%,56.54,✅ HIT,OVER,55.4%,56.32,✅ HIT,OVER,53.4%,54.38,✅ HIT,OVER,53.6%,54.51,✅ HIT,-0.08,0.24,0.19,1.3,-1.72,1.0,0.8,0.01,100.0%
298,Stephon Castle,RA,11.5,UNDER,53.3%,C,DO NOT BET,55.37,❌ MISS,21.0,UNDER,53.2%,55.26,❌ MISS,UNDER,52.6%,54.72,❌ MISS,UNDER,53.9%,55.99,❌ MISS,UNDER,53.4%,55.5,❌ MISS,0.12,0.61,0.01,1.7,-1.36,1.0,0.4,0.0045,100.0%
299,Devin Booker,RA,9.5,OVER,56.1%,C,DO NOT BET,55.35,✅ HIT,12.0,OVER,57.8%,57.02,✅ HIT,OVER,57.1%,56.35,✅ HIT,OVER,55.1%,54.33,✅ HIT,OVER,54.5%,53.7,✅ HIT,-0.28,-0.34,-0.58,-0.7,0.14,1.0,1.2,0.0138,100.0%
300,Trae Young,3PM,1.5,OVER,55.9%,S,DO NOT BET,55.28,✅ HIT,2.0,OVER,57.0%,56.46,✅ HIT,OVER,56.7%,56.12,✅ HIT,OVER,55.1%,54.49,✅ HIT,OVER,54.6%,54.04,✅ HIT,-0.19,-0.28,-0.58,-0.5,0.17,0.8,0.8,0.0103,100.0%
301,Tim Hardaway Jr.,3PM,2.5,UNDER,53.9%,S,DO NOT BET,55.2,✅ HIT,0.0,UNDER,55.2%,56.43,✅ HIT,UNDER,55.4%,56.64,✅ HIT,UNDER,52.5%,53.72,✅ HIT,UNDER,52.8%,54.02,✅ HIT,0.13,0.27,-0.46,0.7,-0.37,1.0,1.2,0.0134,100.0%
302,Payton Pritchard,AST,4.5,OVER,52.2%,C,DO NOT BET,55.19,❌ MISS,4.0,OVER,52.6%,55.6,❌ MISS,OVER,51.9%,54.83,❌ MISS,OVER,52.6%,55.6,❌ MISS,OVER,51.8%,54.73,❌ MISS,-0.29,-0.3,3.0,-0.9,0.03,1.4,1.6,0.0041,100.0%
303,Cooper Flagg,PA,27.5,UNDER,62.6%,D,DO NOT BET,55.17,✅ HIT,20.0,UNDER,63.1%,55.66,✅ HIT,UNDER,62.8%,55.38,✅ HIT,UNDER,62.4%,55.03,✅ HIT,UNDER,62.0%,54.62,✅ HIT,-0.97,-1.26,-3.0,-4.1,0.92,1.0,1.6,0.0039,100.0%
304,Josh Giddey,REB,7.5,OVER,57.2%,B,DO NOT BET,55.13,✅ HIT,8.0,OVER,57.3%,55.2,✅ HIT,OVER,57.8%,55.74,✅ HIT,OVER,56.6%,54.58,✅ HIT,OVER,57.1%,55.0,✅ HIT,-0.3,-1.13,-0.57,-3.3,2.43,0.8,1.6,0.0042,100.0%
305,Jalen Suggs,SB,2.5,UNDER,53.0%,A,DO NOT BET,55.12,✅ HIT,2.0,UNDER,52.3%,54.41,✅ HIT,UNDER,52.7%,54.82,✅ HIT,UNDER,53.4%,55.47,✅ HIT,UNDER,53.7%,55.79,✅ HIT,0.33,0.79,0.17,0.5,-0.29,0.6,0.4,0.0054,100.0%
306,Desmond Bane,REB,4.5,UNDER,56.9%,B,DO NOT BET,55.1,✅ HIT,1.0,UNDER,59.0%,57.16,✅ HIT,UNDER,57.8%,55.95,✅ HIT,UNDER,55.9%,54.14,✅ HIT,UNDER,54.9%,53.15,✅ HIT,-0.13,0.14,-2.52,0.3,-0.58,1.0,0.8,0.0156,100.0%
307,Nikola Jokić,PTS,28.5,OVER,54.4%,D,DO NOT BET,55.08,✅ HIT,31.0,OVER,53.8%,54.47,✅ HIT,OVER,53.2%,53.93,✅ HIT,OVER,55.6%,56.34,✅ HIT,OVER,54.9%,55.58,✅ HIT,-0.02,0.17,-0.52,1.3,-1.44,1.2,0.8,0.0094,100.0%
308,Shai Gilgeous-Alexander,REB,4.5,UNDER,53.5%,B,DO NOT BET,55.05,❌ MISS,6.0,UNDER,53.8%,55.34,❌ MISS,UNDER,52.8%,54.32,❌ MISS,UNDER,54.2%,55.72,❌ MISS,UNDER,53.3%,54.8,❌ MISS,-0.01,0.13,0.58,0.3,-0.32,0.8,1.2,0.0053,100.0%
309,Jaylen Brown,TOV,3.5,UNDER,54.8%,A,DO NOT BET,55.04,❌ MISS,6.0,OVER,50.5%,52.26,✅ HIT,OVER,50.1%,51.94,✅ HIT,UNDER,60.0%,60.22,❌ MISS,UNDER,59.9%,60.14,❌ MISS,0.05,-0.1,-1.0,-0.1,0.15,1.2,1.2,0.0514,50.0%
310,Luka Dončić,AST,8.5,UNDER,53.9%,C,DO NOT BET,55.02,❌ MISS,9.0,UNDER,54.3%,55.38,❌ MISS,UNDER,54.4%,55.49,❌ MISS,UNDER,53.4%,54.44,❌ MISS,UNDER,53.7%,54.75,❌ MISS,-0.02,-0.71,0.44,-1.7,1.65,1.4,1.6,0.0044,100.0%
311,Jalen Duren,PA,20.5,OVER,52.6%,D,DO NOT BET,55.02,❌ MISS,16.0,OVER,53.5%,55.89,❌ MISS,OVER,53.9%,56.27,❌ MISS,OVER,51.3%,53.72,❌ MISS,OVER,51.8%,54.22,❌ MISS,0.02,-0.1,0.92,-0.7,0.87,1.4,1.2,0.0108,100.0%
312,Cooper Flagg,PTS,22.5,UNDER,60.9%,D,DO NOT BET,55.0,✅ HIT,13.0,UNDER,61.2%,55.31,✅ HIT,UNDER,61.2%,55.29,✅ HIT,UNDER,60.5%,54.65,✅ HIT,UNDER,60.6%,54.77,✅ HIT,-0.54,-0.91,-3.0,-4.1,1.68,1.0,1.6,0.003,100.0%
313,Chet Holmgren,FTM,2.5,UNDER,51.6%,B,DO NOT BET,54.96,❌ MISS,3.0,UNDER,54.3%,57.63,❌ MISS,UNDER,55.1%,58.42,❌ MISS,OVER,52.2%,50.92,✅ HIT,OVER,50.6%,49.28,✅ HIT,0.47,-0.19,1.5,-0.3,1.05,0.8,1.2,0.0313,50.0%
314,Andrew Nembhard,AST,7.5,UNDER,55.2%,C,DO NOT BET,54.96,✅ HIT,2.0,UNDER,56.1%,55.91,✅ HIT,UNDER,56.1%,55.85,✅ HIT,UNDER,54.2%,53.93,✅ HIT,UNDER,54.4%,54.17,✅ HIT,-0.06,-0.51,-0.51,-1.1,0.96,1.0,1.2,0.0092,100.0%
315,De'Aaron Fox,FGA,14.5,OVER,56.8%,D,DO NOT BET,54.93,✅ HIT,19.0,OVER,57.0%,55.17,✅ HIT,OVER,55.2%,53.29,✅ HIT,OVER,58.4%,56.53,✅ HIT,OVER,56.6%,54.72,✅ HIT,-0.03,-0.19,-2.49,-0.9,0.74,1.0,1.2,0.0116,100.0%
316,Jalen Duren,FTM,3.5,OVER,54.2%,B,DO NOT BET,54.91,❌ MISS,2.0,OVER,55.5%,56.24,❌ MISS,OVER,53.6%,54.38,❌ MISS,OVER,54.7%,55.48,❌ MISS,OVER,52.8%,53.56,❌ MISS,-0.2,-0.51,0.71,-1.7,1.05,1.4,1.2,0.0102,100.0%
317,Cade Cunningham,FTM,4.5,UNDER,51.4%,B,DO NOT BET,54.9,✅ HIT,2.0,OVER,50.1%,48.66,❌ MISS,UNDER,51.2%,54.62,✅ HIT,UNDER,51.8%,55.26,✅ HIT,UNDER,52.9%,56.4,✅ HIT,0.51,-1.55,2.0,-2.1,2.79,1.8,1.6,0.0111,75.0%
318,Jaylen Brown,PR,32.5,UNDER,52.3%,D,DO NOT BET,54.87,❌ MISS,40.0,UNDER,51.3%,53.81,❌ MISS,UNDER,51.3%,53.8,❌ MISS,UNDER,53.5%,56.01,❌ MISS,UNDER,53.3%,55.87,❌ MISS,0.33,-0.52,-1.25,-4.7,7.67,1.0,1.6,0.0107,100.0%
319,Stephon Castle,PRA,27.5,OVER,54.4%,D,DO NOT BET,54.79,✅ HIT,51.0,OVER,58.5%,58.83,✅ HIT,OVER,58.4%,58.77,✅ HIT,OVER,50.3%,50.62,✅ HIT,OVER,50.6%,50.94,✅ HIT,-0.17,-0.07,0.31,-0.3,-0.42,1.0,1.2,0.0401,100.0%
320,LeBron James,PA,25.5,OVER,57.7%,D,DO NOT BET,54.78,❌ MISS,25.0,OVER,57.5%,54.56,❌ MISS,OVER,57.9%,54.95,❌ MISS,OVER,57.5%,54.55,❌ MISS,OVER,58.0%,55.05,❌ MISS,-0.75,-0.23,-0.04,-0.9,-2.03,1.0,1.2,0.0023,100.0%
321,CJ McCollum,RA,7.5,UNDER,52.9%,C,DO NOT BET,54.74,✅ HIT,6.0,UNDER,51.9%,53.68,✅ HIT,UNDER,51.5%,53.28,✅ HIT,UNDER,54.5%,56.28,✅ HIT,UNDER,53.9%,55.72,✅ HIT,-0.17,1.19,0.31,2.3,-2.63,0.8,0.4,0.0129,100.0%
322,Kevin Porter Jr.,REB,4.5,OVER,56.4%,B,DO NOT BET,54.72,✅ HIT,7.0,OVER,57.1%,55.38,✅ HIT,OVER,57.6%,55.93,✅ HIT,OVER,55.2%,53.54,✅ HIT,OVER,55.7%,54.02,✅ HIT,-0.51,-1.28,-0.22,-1.7,1.03,1.0,1.6,0.0097,100.0%
323,CJ McCollum,3PM,2.5,UNDER,50.4%,S,DO NOT BET,54.66,✅ HIT,0.0,OVER,50.3%,48.1,❌ MISS,OVER,50.0%,47.83,❌ MISS,UNDER,50.9%,55.11,✅ HIT,UNDER,51.2%,55.44,✅ HIT,0.04,-1.75,4.5,-0.7,0.72,1.4,2.0,0.0064,50.0%
324,Payton Pritchard,3PM,2.5,UNDER,54.5%,S,DO NOT BET,54.66,✅ HIT,2.0,UNDER,55.8%,55.92,✅ HIT,UNDER,56.0%,56.12,✅ HIT,UNDER,53.0%,53.16,✅ HIT,UNDER,53.3%,53.44,✅ HIT,0.04,-0.38,-0.75,-0.7,0.77,1.2,1.6,0.0137,100.0%
325,Cade Cunningham,AST,10.5,UNDER,54.6%,C,DO NOT BET,54.63,❌ MISS,13.0,UNDER,55.1%,55.2,❌ MISS,UNDER,55.2%,55.24,❌ MISS,UNDER,53.8%,53.91,❌ MISS,UNDER,54.1%,54.18,❌ MISS,-0.22,0.43,-0.37,1.1,-1.67,0.8,0.8,0.006,100.0%
326,Jaime Jaquez Jr.,RA,9.5,UNDER,56.0%,C,DO NOT BET,54.62,❌ MISS,11.0,UNDER,55.0%,53.65,❌ MISS,UNDER,54.3%,52.91,❌ MISS,UNDER,57.8%,56.44,❌ MISS,UNDER,56.9%,55.48,❌ MISS,0.14,0.53,-3.92,1.7,-1.25,1.4,0.8,0.014,100.0%
327,Tim Hardaway Jr.,REB,2.5,UNDER,54.4%,B,DO NOT BET,54.62,✅ HIT,2.0,UNDER,54.9%,55.09,✅ HIT,UNDER,53.8%,54.04,✅ HIT,UNDER,54.9%,55.14,✅ HIT,UNDER,54.0%,54.19,✅ HIT,0.07,0.17,-1.33,0.3,-0.18,1.2,1.2,0.005,100.0%
328,Cade Cunningham,PTS,24.5,OVER,53.7%,D,DO NOT BET,54.58,❌ MISS,8.0,OVER,51.7%,52.62,❌ MISS,OVER,51.2%,52.15,❌ MISS,OVER,56.3%,57.17,❌ MISS,OVER,55.5%,56.39,❌ MISS,-0.1,0.31,0.12,2.1,-2.74,1.2,1.2,0.0222,100.0%
329,Derrick White,RA,9.5,OVER,54.2%,C,DO NOT BET,54.57,NO GAME,,OVER,56.9%,57.26,NO GAME,OVER,56.4%,56.68,NO GAME,OVER,52.0%,52.29,NO GAME,OVER,51.7%,52.06,NO GAME,-0.25,0.04,-0.2,0.1,-0.76,1.4,1.2,0.0241,100.0%
330,Jalen Suggs,REB,3.5,UNDER,54.5%,B,DO NOT BET,54.57,❌ MISS,4.0,UNDER,55.6%,55.69,❌ MISS,UNDER,54.5%,54.6,❌ MISS,UNDER,54.4%,54.45,❌ MISS,UNDER,53.4%,53.53,❌ MISS,0.31,-0.94,-1.33,-0.7,0.93,1.8,1.6,0.0077,100.0%
331,Aaron Gordon,AST,2.5,UNDER,53.8%,C,DO NOT BET,54.55,NO GAME,,UNDER,57.0%,57.77,NO GAME,UNDER,56.9%,57.64,NO GAME,UNDER,50.3%,51.1,NO GAME,UNDER,50.9%,51.7,NO GAME,-0.0,0.4,-0.0,0.5,-0.5,0.4,0.4,0.0316,100.0%
332,Jamal Murray,AST,6.5,UNDER,52.2%,C,DO NOT BET,54.55,❌ MISS,7.0,UNDER,55.1%,57.49,❌ MISS,UNDER,55.2%,57.52,❌ MISS,OVER,51.1%,50.76,✅ HIT,OVER,50.4%,50.03,✅ HIT,0.34,-0.49,0.27,-0.9,1.53,1.6,1.2,0.0296,50.0%
333,Jalen Green,PTS,20.5,UNDER,62.4%,D,DO NOT BET,54.52,❌ MISS,36.0,UNDER,65.0%,57.15,❌ MISS,UNDER,64.8%,56.99,❌ MISS,UNDER,59.7%,51.9,❌ MISS,UNDER,59.9%,52.05,❌ MISS,-1.04,0.14,-3.0,0.7,-5.85,1.2,0.8,0.0255,100.0%
334,Jayson Tatum,PRA,30.5,UNDER,54.0%,D,DO NOT BET,54.5,NO GAME,,UNDER,56.1%,56.55,NO GAME,UNDER,55.8%,56.26,NO GAME,UNDER,52.3%,52.77,NO GAME,UNDER,52.0%,52.45,NO GAME,-0.13,-0.13,1.04,-0.5,-0.0,0.2,0.4,0.019,100.0%
335,Andrew Nembhard,PTS,16.5,OVER,53.8%,D,DO NOT BET,54.46,✅ HIT,23.0,OVER,54.9%,55.58,✅ HIT,OVER,54.4%,55.0,✅ HIT,OVER,53.3%,53.97,✅ HIT,OVER,52.7%,53.3,✅ HIT,-0.1,0.11,0.02,0.7,-1.3,1.2,1.2,0.0088,100.0%
336,Jalen Johnson,PR,33.5,UNDER,54.6%,D,DO NOT BET,54.46,✅ HIT,30.0,UNDER,52.4%,52.27,✅ HIT,UNDER,52.4%,52.22,✅ HIT,UNDER,56.9%,56.75,✅ HIT,UNDER,56.8%,56.62,✅ HIT,-0.01,-0.61,-0.41,-7.9,7.78,1.0,1.2,0.0222,100.0%
337,Victor Wembanyama,PRA,38.5,OVER,54.6%,D,DO NOT BET,54.46,NO GAME,,OVER,54.5%,54.43,NO GAME,OVER,54.6%,54.46,NO GAME,OVER,54.4%,54.33,NO GAME,OVER,54.7%,54.63,NO GAME,0.02,-0.25,-1.18,-3.1,3.4,1.0,0.8,0.0011,100.0%
338,Myles Turner,REB,4.5,OVER,55.3%,B,DO NOT BET,54.44,❌ MISS,4.0,OVER,54.6%,53.7,❌ MISS,OVER,55.2%,54.37,❌ MISS,OVER,55.5%,54.61,❌ MISS,OVER,55.9%,55.09,❌ MISS,-0.32,0.24,-0.42,0.7,-1.65,0.6,0.4,0.005,100.0%
339,De'Aaron Fox,AST,6.5,UNDER,52.7%,C,DO NOT BET,54.43,❌ MISS,9.0,UNDER,53.1%,54.77,❌ MISS,UNDER,53.3%,55.0,❌ MISS,UNDER,52.1%,53.75,❌ MISS,UNDER,52.5%,54.18,❌ MISS,-0.08,0.44,0.52,1.1,-1.3,1.0,0.4,0.005,100.0%
340,Aaron Gordon,REB,5.5,UNDER,52.7%,B,DO NOT BET,54.42,NO GAME,,UNDER,55.4%,57.08,NO GAME,UNDER,54.3%,56.01,NO GAME,UNDER,51.0%,52.69,NO GAME,UNDER,50.2%,51.91,NO GAME,0.25,0.04,-0.0,0.1,0.52,0.8,1.2,0.0217,100.0%
341,Giannis Antetokounmpo,PR,36.5,OVER,54.0%,D,DO NOT BET,54.4,✅ HIT,37.0,OVER,54.6%,54.97,✅ HIT,OVER,54.4%,54.78,✅ HIT,OVER,53.5%,53.85,✅ HIT,OVER,53.6%,53.99,✅ HIT,-0.2,1.5,-0.71,4.9,-5.55,0.4,0.0,0.0048,100.0%
342,De'Aaron Fox,PA,24.5,OVER,55.7%,D,DO NOT BET,54.34,✅ HIT,36.0,OVER,56.9%,55.51,✅ HIT,OVER,57.3%,55.9,✅ HIT,OVER,54.1%,52.73,✅ HIT,OVER,54.6%,53.23,✅ HIT,-0.14,-0.7,-0.57,-3.9,3.13,0.8,1.6,0.0138,100.0%
343,Myles Turner,PTS,10.5,OVER,56.2%,D,DO NOT BET,54.31,❌ MISS,7.0,OVER,55.3%,53.41,❌ MISS,OVER,54.7%,52.81,❌ MISS,OVER,57.8%,55.92,❌ MISS,OVER,57.0%,55.09,❌ MISS,-0.27,0.19,-0.76,1.3,-3.13,0.8,0.4,0.0125,100.0%
344,Deandre Ayton,REB,7.5,OVER,54.1%,B,DO NOT BET,54.27,✅ HIT,10.0,OVER,54.4%,54.55,✅ HIT,OVER,55.0%,55.22,✅ HIT,OVER,53.2%,53.37,✅ HIT,OVER,53.8%,53.96,✅ HIT,-0.23,0.2,0.0,0.7,-1.49,1.0,1.2,0.0069,100.0%
345,LeBron James,RA,11.5,OVER,54.7%,C,DO NOT BET,54.25,✅ HIT,14.0,OVER,56.1%,55.67,✅ HIT,OVER,55.6%,55.18,✅ HIT,OVER,53.8%,53.31,✅ HIT,OVER,53.3%,52.85,✅ HIT,-0.33,-0.15,-0.03,-0.5,-0.64,1.2,1.2,0.012,100.0%
346,Victor Wembanyama,PA,27.5,OVER,53.3%,D,DO NOT BET,54.18,NO GAME,,OVER,52.9%,53.84,NO GAME,OVER,53.3%,54.22,NO GAME,OVER,53.2%,54.08,NO GAME,OVER,53.7%,54.58,NO GAME,0.04,-0.34,-0.22,-3.5,3.94,1.0,1.6,0.0027,100.0%
347,Tyler Herro,3PM,2.5,UNDER,51.0%,S,DO NOT BET,54.15,NO GAME,,UNDER,52.3%,55.46,NO GAME,UNDER,52.5%,55.7,NO GAME,OVER,50.6%,49.45,NO GAME,OVER,50.2%,49.09,NO GAME,0.02,0.36,1.73,0.9,-0.85,1.0,1.2,0.0143,50.0%
348,De'Aaron Fox,PR,21.5,OVER,55.4%,D,DO NOT BET,54.15,✅ HIT,30.0,OVER,59.7%,58.41,✅ HIT,OVER,59.3%,58.06,✅ HIT,OVER,51.3%,50.0,✅ HIT,OVER,51.4%,50.14,✅ HIT,-0.19,-0.43,-0.25,-2.7,1.52,0.8,1.2,0.0408,100.0%
349,Austin Reaves,FGA,14.5,OVER,54.3%,D,DO NOT BET,54.14,✅ HIT,20.0,OVER,55.0%,54.87,✅ HIT,OVER,53.5%,53.34,✅ HIT,OVER,55.0%,54.84,✅ HIT,OVER,53.6%,53.5,✅ HIT,-0.14,-0.24,-0.12,-0.7,0.28,0.8,1.2,0.0072,100.0%
350,Bam Adebayo,PA,25.5,OVER,50.9%,D,DO NOT BET,54.14,❌ MISS,23.0,OVER,51.3%,54.54,❌ MISS,OVER,51.7%,54.92,❌ MISS,OVER,50.1%,53.31,❌ MISS,OVER,50.6%,53.8,❌ MISS,0.11,-0.56,0.07,-13.3,15.87,1.0,1.6,0.0063,100.0%
351,Derrick White,REB,4.5,UNDER,53.3%,B,DO NOT BET,54.11,NO GAME,,UNDER,53.1%,53.87,NO GAME,UNDER,52.1%,52.89,NO GAME,UNDER,54.5%,55.31,NO GAME,UNDER,53.6%,54.38,NO GAME,-0.03,-0.33,0.37,-0.7,0.64,0.8,1.2,0.0088,100.0%
352,Victor Wembanyama,BLK,2.5,UNDER,51.3%,S,DO NOT BET,54.1,NO GAME,,UNDER,55.7%,58.51,NO GAME,UNDER,56.3%,59.14,NO GAME,OVER,53.9%,53.06,NO GAME,OVER,53.0%,52.18,NO GAME,0.38,1.28,0.25,1.7,-1.2,0.4,0.4,0.0474,50.0%
353,Bam Adebayo,PR,32.5,UNDER,55.4%,D,DO NOT BET,54.05,✅ HIT,29.0,OVER,51.8%,55.17,❌ MISS,OVER,51.7%,55.07,❌ MISS,UNDER,62.6%,61.29,✅ HIT,UNDER,62.5%,61.17,✅ HIT,-0.11,0.49,-0.04,11.7,-14.37,1.0,0.8,0.0718,50.0%
354,Chet Holmgren,AST,1.5,OVER,55.1%,C,DO NOT BET,53.99,❌ MISS,0.0,OVER,57.7%,56.66,❌ MISS,OVER,56.5%,55.44,❌ MISS,OVER,53.5%,52.4,❌ MISS,OVER,52.5%,51.45,❌ MISS,-0.25,-0.88,-1.5,-0.9,0.65,1.8,1.6,0.0213,100.0%
355,Jayson Tatum,REB,6.5,UNDER,51.9%,B,DO NOT BET,53.85,NO GAME,,UNDER,53.6%,55.47,NO GAME,UNDER,52.6%,54.47,NO GAME,UNDER,51.2%,53.12,NO GAME,UNDER,50.4%,52.33,NO GAME,0.04,0.04,1.25,0.17,-0.0,0.4,0.8,0.0121,100.0%
356,Andrew Nembhard,3PA,5.5,OVER,50.8%,B,DO NOT BET,53.82,❌ MISS,2.0,OVER,52.8%,55.8,❌ MISS,OVER,52.0%,54.94,❌ MISS,UNDER,50.4%,49.42,✅ HIT,UNDER,51.0%,50.04,✅ HIT,0.1,-0.05,1.33,-0.1,0.3,1.4,1.2,0.016,50.0%
357,Jalen Johnson,AST,7.5,UNDER,57.3%,C,DO NOT BET,53.81,❌ MISS,9.0,UNDER,60.1%,56.6,❌ MISS,UNDER,59.6%,56.19,❌ MISS,UNDER,54.6%,51.12,❌ MISS,UNDER,54.8%,51.33,❌ MISS,0.14,-0.34,-4.5,-1.1,1.55,0.8,0.8,0.0259,100.0%
358,Chet Holmgren,RA,10.5,UNDER,50.3%,C,DO NOT BET,53.63,✅ HIT,9.0,UNDER,51.8%,55.09,✅ HIT,UNDER,51.4%,54.71,✅ HIT,OVER,51.0%,49.71,❌ MISS,OVER,50.9%,49.59,❌ MISS,0.06,0.68,1.5,3.5,-3.21,0.8,0.8,0.0128,50.0%
359,Jalen Johnson,PTS,23.5,UNDER,53.9%,D,DO NOT BET,53.57,✅ HIT,21.0,UNDER,52.6%,52.28,✅ HIT,UNDER,52.9%,52.59,✅ HIT,UNDER,54.9%,54.54,✅ HIT,UNDER,55.2%,54.89,✅ HIT,-0.05,-0.4,-0.41,-4.5,3.98,1.0,1.2,0.0115,100.0%
360,Bam Adebayo,AST,3.5,UNDER,54.0%,C,DO NOT BET,53.56,✅ HIT,2.0,UNDER,53.8%,53.34,✅ HIT,UNDER,54.0%,53.5,✅ HIT,UNDER,54.0%,53.58,✅ HIT,UNDER,54.3%,53.83,✅ HIT,-0.44,0.23,-0.67,0.3,-0.89,1.0,0.8,0.0018,100.0%
361,Luka Dončić,PR,39.5,UNDER,50.5%,D,DO NOT BET,53.52,❌ MISS,61.0,UNDER,54.5%,57.46,❌ MISS,UNDER,54.4%,57.34,❌ MISS,OVER,53.3%,52.29,✅ HIT,OVER,53.4%,52.42,✅ HIT,0.15,0.55,0.2,3.1,-2.22,1.2,0.8,0.0388,50.0%
362,Jaylen Brown,FTM,4.5,UNDER,52.0%,B,DO NOT BET,53.52,❌ MISS,13.0,OVER,52.7%,53.14,✅ HIT,OVER,51.1%,51.58,✅ HIT,UNDER,55.5%,57.04,❌ MISS,UNDER,56.2%,57.74,❌ MISS,0.33,0.11,-0.62,0.3,0.63,0.8,0.8,0.0392,50.0%
363,Cade Cunningham,FGA,18.5,OVER,53.4%,D,DO NOT BET,53.42,❌ MISS,6.0,OVER,53.5%,53.46,❌ MISS,OVER,52.2%,52.2,❌ MISS,OVER,54.7%,54.67,❌ MISS,OVER,53.4%,53.37,❌ MISS,-0.16,-0.08,0.2,-0.5,-0.46,1.0,0.8,0.0087,100.0%
364,Nikola Jokić,RA,22.5,UNDER,52.2%,C,DO NOT BET,53.31,❌ MISS,32.0,UNDER,54.7%,55.83,❌ MISS,UNDER,54.0%,55.13,❌ MISS,UNDER,50.0%,51.15,❌ MISS,UNDER,50.0%,51.14,❌ MISS,0.08,-0.2,-0.17,-1.1,1.52,1.0,0.8,0.0218,100.0%
365,Stephon Castle,PR,21.5,UNDER,52.8%,D,DO NOT BET,53.29,❌ MISS,41.0,OVER,53.0%,54.51,✅ HIT,OVER,52.9%,54.38,✅ HIT,UNDER,58.6%,59.09,❌ MISS,UNDER,58.5%,58.96,❌ MISS,-0.03,-0.31,-0.35,-1.9,1.71,1.4,1.2,0.0574,50.0%
366,Khris Middleton,REB,3.5,OVER,52.6%,B,DO NOT BET,53.26,❌ MISS,2.0,OVER,51.1%,51.77,❌ MISS,OVER,51.9%,52.58,❌ MISS,OVER,53.4%,54.06,❌ MISS,OVER,54.0%,54.64,❌ MISS,-0.16,-0.04,0.27,-0.1,-0.31,1.0,0.8,0.0114,100.0%
367,Andrew Nembhard,TOV,2.5,OVER,51.7%,A,DO NOT BET,53.23,❌ MISS,0.0,OVER,58.9%,60.45,❌ MISS,OVER,58.3%,59.86,❌ MISS,UNDER,55.2%,55.65,✅ HIT,UNDER,55.3%,55.76,✅ HIT,-0.02,-0.31,0.5,-0.3,0.28,1.4,1.6,0.0693,50.0%
368,Giannis Antetokounmpo,PTS,25.5,OVER,54.7%,D,DO NOT BET,53.22,✅ HIT,31.0,OVER,54.7%,53.24,✅ HIT,OVER,54.2%,52.66,✅ HIT,OVER,55.4%,53.87,✅ HIT,OVER,54.6%,53.12,✅ HIT,-0.71,1.02,-0.33,2.7,-4.58,0.4,0.4,0.0043,100.0%
369,Dyson Daniels,RA,12.5,OVER,54.0%,C,DO NOT BET,53.22,NO GAME,,OVER,54.5%,53.71,NO GAME,OVER,54.2%,53.4,NO GAME,OVER,53.9%,53.11,NO GAME,OVER,53.4%,52.64,NO GAME,-0.17,-1.06,-0.66,-1.7,1.43,1.4,2.0,0.004,100.0%
370,Cooper Flagg,FGA,17.5,OVER,50.0%,D,DO NOT BET,53.19,❌ MISS,16.0,OVER,50.5%,53.67,❌ MISS,UNDER,50.2%,49.08,✅ HIT,OVER,50.3%,53.43,❌ MISS,UNDER,50.4%,49.24,✅ HIT,0.41,-0.77,1.0,-2.1,3.22,1.4,1.2,0.0037,50.0%
371,Giannis Antetokounmpo,REB,9.5,OVER,54.6%,B,DO NOT BET,53.19,❌ MISS,6.0,OVER,55.4%,53.91,❌ MISS,OVER,56.0%,54.54,❌ MISS,OVER,53.3%,51.86,❌ MISS,OVER,53.9%,52.44,❌ MISS,-0.09,0.23,-2.13,0.7,-0.96,0.8,0.8,0.0108,100.0%
372,Cade Cunningham,PA,34.5,OVER,52.6%,D,DO NOT BET,53.18,❌ MISS,21.0,OVER,55.1%,55.75,❌ MISS,OVER,55.5%,56.14,❌ MISS,UNDER,50.4%,51.84,✅ HIT,OVER,50.0%,50.65,❌ MISS,-0.11,0.09,0.19,0.5,-1.07,1.0,1.2,0.0278,75.0%
373,Jalen Suggs,PTS,14.5,UNDER,55.3%,D,DO NOT BET,53.16,❌ MISS,28.0,UNDER,59.5%,57.31,❌ MISS,UNDER,59.5%,57.36,❌ MISS,UNDER,50.9%,48.73,❌ MISS,UNDER,51.4%,49.24,❌ MISS,-0.22,0.03,-2.6,0.1,-0.87,1.4,1.2,0.0418,100.0%
374,Cade Cunningham,PRA,40.5,UNDER,52.6%,D,DO NOT BET,53.15,✅ HIT,26.0,OVER,50.0%,51.5,❌ MISS,OVER,50.2%,51.64,❌ MISS,UNDER,55.5%,56.03,✅ HIT,UNDER,55.2%,55.7,✅ HIT,0.04,-0.49,-0.43,-2.5,2.72,1.2,1.6,0.0272,50.0%
375,Austin Reaves,REB,4.5,UNDER,54.2%,B,DO NOT BET,53.13,❌ MISS,5.0,UNDER,54.9%,53.79,❌ MISS,UNDER,53.8%,52.73,❌ MISS,UNDER,54.5%,53.46,❌ MISS,UNDER,53.6%,52.52,❌ MISS,0.13,0.33,-3.0,0.7,-0.43,1.2,0.8,0.0052,100.0%
376,Shai Gilgeous-Alexander,AST,6.5,UNDER,51.7%,C,DO NOT BET,53.12,❌ MISS,9.0,UNDER,53.4%,54.81,❌ MISS,UNDER,53.6%,55.01,❌ MISS,OVER,50.4%,51.02,✅ HIT,UNDER,50.2%,51.65,❌ MISS,0.03,0.52,-0.0,1.9,-1.81,0.8,0.8,0.0181,75.0%
377,Josh Giddey,RA,16.5,OVER,54.6%,C,DO NOT BET,53.11,✅ HIT,23.0,OVER,52.7%,51.2,✅ HIT,OVER,52.6%,51.08,✅ HIT,OVER,57.0%,55.51,✅ HIT,OVER,56.2%,54.65,✅ HIT,-0.11,-1.03,-0.63,-5.3,4.75,0.8,1.6,0.0199,100.0%
378,Payton Pritchard,REB,3.5,UNDER,53.9%,B,DO NOT BET,53.08,❌ MISS,4.0,UNDER,56.4%,55.51,❌ MISS,UNDER,55.2%,54.4,❌ MISS,UNDER,52.5%,51.63,❌ MISS,UNDER,51.6%,50.78,❌ MISS,0.36,0.17,-3.0,0.3,0.31,1.0,1.2,0.0194,100.0%
379,Nikola Jokić,AST,9.5,OVER,53.5%,C,DO NOT BET,53.02,✅ HIT,12.0,UNDER,51.4%,53.85,❌ MISS,UNDER,51.8%,54.24,❌ MISS,OVER,59.3%,58.81,✅ HIT,OVER,57.8%,57.36,✅ HIT,-0.23,-0.08,-0.27,-0.3,-0.6,1.0,1.2,0.0509,50.0%
380,Jalen Duren,PRA,31.5,OVER,50.0%,D,DO NOT BET,53.02,❌ MISS,26.0,OVER,52.2%,55.26,❌ MISS,OVER,52.3%,55.35,❌ MISS,UNDER,52.4%,51.41,✅ HIT,UNDER,52.1%,51.09,✅ HIT,0.08,0.2,0.72,1.5,-0.89,1.4,1.2,0.0228,50.0%
381,Bam Adebayo,3PA,6.5,UNDER,53.4%,B,DO NOT BET,53.02,✅ HIT,5.0,UNDER,52.8%,52.5,✅ HIT,UNDER,53.2%,52.89,✅ HIT,UNDER,53.5%,53.14,✅ HIT,UNDER,53.9%,53.55,✅ HIT,-0.18,0.47,-0.44,3.1,-4.31,1.0,0.8,0.0039,100.0%
382,Jalen Green,PR,24.5,UNDER,61.7%,D,DO NOT BET,53.01,❌ MISS,39.0,UNDER,59.9%,51.19,❌ MISS,UNDER,59.6%,50.9,❌ MISS,UNDER,63.7%,55.04,❌ MISS,UNDER,63.6%,54.91,❌ MISS,-1.08,0.13,-3.0,0.7,-6.61,1.2,0.8,0.0197,100.0%
383,LeBron James,3PA,4.5,OVER,51.3%,B,DO NOT BET,53.01,❌ MISS,2.0,OVER,53.3%,55.0,❌ MISS,OVER,52.4%,54.11,❌ MISS,OVER,50.0%,51.79,❌ MISS,UNDER,50.6%,50.87,✅ HIT,-0.05,0.35,0.5,0.5,-0.57,1.0,0.8,0.016,75.0%
384,Paolo Banchero,TOV,2.5,OVER,53.9%,A,DO NOT BET,52.96,✅ HIT,3.0,OVER,54.1%,53.16,✅ HIT,OVER,53.6%,52.72,✅ HIT,OVER,54.1%,53.22,✅ HIT,OVER,53.7%,52.75,✅ HIT,-0.22,-0.36,-0.9,-0.7,0.27,1.0,0.8,0.0023,100.0%
385,Jayson Tatum,AST,3.5,OVER,52.0%,C,DO NOT BET,52.96,NO GAME,,OVER,52.2%,53.16,NO GAME,OVER,51.5%,52.43,NO GAME,OVER,52.6%,53.55,NO GAME,OVER,51.7%,52.69,NO GAME,-0.07,-0.07,-0.14,-0.17,0.0,1.4,1.2,0.0043,100.0%
386,Payton Pritchard,RA,8.5,OVER,50.0%,C,DO NOT BET,52.87,❌ MISS,8.0,OVER,50.2%,52.99,❌ MISS,OVER,50.3%,53.16,❌ MISS,UNDER,50.2%,49.35,✅ HIT,UNDER,50.1%,49.32,✅ HIT,-0.24,-0.17,3.0,-0.7,-0.28,1.2,1.2,0.0021,50.0%
387,Kevin Porter Jr.,STL,1.5,UNDER,50.7%,A,DO NOT BET,52.82,❌ MISS,3.0,OVER,50.4%,50.26,✅ HIT,UNDER,50.0%,52.12,❌ MISS,UNDER,51.4%,53.57,❌ MISS,UNDER,51.8%,53.88,❌ MISS,0.49,0.6,-0.5,0.9,-0.17,0.8,0.8,0.0091,75.0%
388,Jalen Green,AST,2.5,OVER,52.3%,C,DO NOT BET,52.78,✅ HIT,4.0,OVER,53.4%,53.92,✅ HIT,OVER,52.6%,53.09,✅ HIT,OVER,52.0%,52.46,✅ HIT,OVER,51.1%,51.65,✅ HIT,0.11,-0.23,-0.33,-0.3,0.45,0.8,1.2,0.0083,100.0%
389,Jalen Duren,PTS,18.5,OVER,50.5%,D,DO NOT BET,52.76,❌ MISS,14.0,OVER,52.0%,54.22,❌ MISS,OVER,51.5%,53.74,❌ MISS,UNDER,50.4%,50.2,✅ HIT,UNDER,51.0%,50.72,✅ HIT,-0.01,-0.16,1.11,-1.1,1.01,1.4,1.2,0.0125,50.0%
390,Jamal Murray,REB,3.5,OVER,53.8%,B,DO NOT BET,52.74,❌ MISS,2.0,OVER,53.7%,52.62,❌ MISS,OVER,54.4%,53.32,❌ MISS,OVER,53.3%,52.22,❌ MISS,OVER,53.9%,52.8,❌ MISS,-0.34,0.04,-0.93,0.1,-0.94,1.0,0.8,0.004,100.0%
391,Kevin Porter Jr.,AST,6.5,OVER,51.6%,C,DO NOT BET,52.68,❌ MISS,5.0,OVER,52.8%,53.91,❌ MISS,OVER,52.1%,53.13,❌ MISS,OVER,51.1%,52.2,❌ MISS,OVER,50.4%,51.46,❌ MISS,-0.32,0.33,0.52,0.9,-1.77,1.4,0.8,0.0093,100.0%
392,Tyler Herro,RA,8.5,UNDER,50.6%,C,DO NOT BET,52.56,NO GAME,,UNDER,51.2%,53.16,NO GAME,UNDER,50.9%,52.84,NO GAME,UNDER,50.2%,52.14,NO GAME,UNDER,50.1%,52.11,NO GAME,-0.05,0.15,1.12,0.7,-0.95,1.0,0.8,0.0045,100.0%
393,Alex Sarr,BLK,1.5,OVER,52.3%,S,DO NOT BET,52.51,✅ HIT,5.0,OVER,52.5%,52.73,✅ HIT,OVER,51.7%,51.88,✅ HIT,OVER,53.0%,53.14,✅ HIT,OVER,52.1%,52.28,✅ HIT,-0.64,0.94,-0.24,0.7,-1.18,0.6,0.4,0.0048,100.0%
394,Giannis Antetokounmpo,FGA,16.5,UNDER,50.6%,D,DO NOT BET,52.51,❌ MISS,24.0,OVER,50.9%,50.99,✅ HIT,OVER,50.0%,50.18,✅ HIT,UNDER,51.5%,53.39,❌ MISS,UNDER,51.9%,53.81,❌ MISS,-0.07,-0.52,1.33,-1.9,1.64,1.4,1.2,0.0114,50.0%
395,Andrew Nembhard,REB,2.5,OVER,51.7%,B,DO NOT BET,52.43,❌ MISS,0.0,OVER,51.6%,52.3,❌ MISS,OVER,52.4%,53.09,❌ MISS,OVER,51.1%,51.83,❌ MISS,OVER,51.8%,52.51,❌ MISS,-0.31,0.1,0.46,0.1,-0.42,0.8,0.8,0.0046,100.0%
396,Victor Wembanyama,PTS,24.5,OVER,51.5%,D,DO NOT BET,52.4,NO GAME,,UNDER,50.8%,51.84,NO GAME,UNDER,51.1%,52.21,NO GAME,OVER,54.2%,55.17,NO GAME,OVER,53.5%,54.46,NO GAME,0.03,-0.39,-0.2,-4.1,4.4,1.2,1.6,0.0244,50.0%
397,Aaron Gordon,PRA,21.5,OVER,54.6%,D,DO NOT BET,52.32,NO GAME,,UNDER,53.9%,58.21,NO GAME,UNDER,53.7%,57.97,NO GAME,OVER,62.9%,60.6,NO GAME,OVER,63.2%,60.86,NO GAME,-0.33,0.17,0.0,1.9,-5.63,1.6,1.2,0.0841,50.0%
398,Austin Reaves,RA,9.5,UNDER,50.7%,C,DO NOT BET,52.24,❌ MISS,12.0,UNDER,51.5%,53.1,❌ MISS,UNDER,51.2%,52.74,❌ MISS,UNDER,50.0%,51.56,❌ MISS,UNDER,50.0%,51.56,❌ MISS,0.27,0.48,-1.33,1.3,-0.57,1.4,0.8,0.0069,100.0%
399,Jalen Duren,PR,29.5,UNDER,52.9%,D,DO NOT BET,52.16,✅ HIT,24.0,OVER,50.1%,52.84,❌ MISS,OVER,50.0%,52.8,❌ MISS,UNDER,56.0%,55.2,✅ HIT,UNDER,55.8%,55.07,✅ HIT,-0.04,-0.14,-0.81,-1.1,0.75,0.6,0.8,0.0298,50.0%
400,Derrick White,AST,5.5,UNDER,51.8%,C,DO NOT BET,51.97,NO GAME,,UNDER,52.6%,52.74,NO GAME,UNDER,52.8%,53.02,NO GAME,UNDER,50.6%,50.78,NO GAME,UNDER,51.2%,51.35,NO GAME,0.1,0.05,-1.0,0.1,0.11,0.8,1.2,0.0093,100.0%
401,Giannis Antetokounmpo,FTM,5.5,OVER,52.0%,B,DO NOT BET,51.94,✅ HIT,7.0,OVER,50.9%,50.83,✅ HIT,UNDER,50.5%,52.54,❌ MISS,OVER,54.8%,54.7,✅ HIT,OVER,52.8%,52.77,✅ HIT,-0.2,-0.31,0.09,-1.3,0.45,1.2,0.8,0.0198,75.0%
402,Desmond Bane,FGA,15.5,UNDER,55.5%,D,DO NOT BET,51.93,✅ HIT,14.0,UNDER,55.6%,52.01,✅ HIT,UNDER,55.3%,51.69,✅ HIT,UNDER,55.7%,52.1,✅ HIT,UNDER,55.5%,51.92,✅ HIT,-0.12,-0.39,-3.44,-1.3,0.89,0.8,1.2,0.0015,100.0%
403,De'Aaron Fox,RA,9.5,OVER,55.0%,C,DO NOT BET,51.9,✅ HIT,12.0,OVER,56.9%,53.8,✅ HIT,OVER,56.3%,53.22,✅ HIT,OVER,53.6%,50.52,✅ HIT,OVER,53.2%,50.07,✅ HIT,-0.33,-0.97,-2.3,-1.5,0.98,1.0,1.6,0.0163,100.0%
404,LeBron James,PRA,31.5,OVER,54.1%,D,DO NOT BET,51.8,✅ HIT,32.0,OVER,54.8%,52.57,✅ HIT,OVER,54.9%,52.6,✅ HIT,OVER,53.1%,50.87,✅ HIT,OVER,53.4%,51.18,✅ HIT,-0.59,-0.02,0.13,-0.1,-2.47,0.8,0.8,0.0079,100.0%
405,LeBron James,TOV,2.5,OVER,52.1%,A,DO NOT BET,51.77,✅ HIT,4.0,OVER,54.3%,53.91,✅ HIT,OVER,53.8%,53.46,✅ HIT,OVER,50.4%,50.02,✅ HIT,OVER,50.1%,49.69,✅ HIT,-0.34,-0.19,-0.7,-0.3,-0.25,1.4,1.2,0.0193,100.0%
406,Devin Booker,AST,5.5,OVER,52.8%,C,DO NOT BET,51.75,❌ MISS,5.0,OVER,53.1%,52.1,❌ MISS,OVER,52.3%,51.3,❌ MISS,OVER,53.3%,52.26,❌ MISS,OVER,52.4%,51.34,❌ MISS,-0.22,-0.11,-1.1,-0.3,-0.3,1.0,1.2,0.0044,100.0%
407,Jalen Green,PA,22.5,UNDER,57.1%,D,DO NOT BET,51.72,❌ MISS,40.0,UNDER,56.9%,51.47,❌ MISS,UNDER,56.5%,51.14,❌ MISS,UNDER,57.8%,52.34,❌ MISS,UNDER,57.3%,51.9,❌ MISS,-0.89,0.28,-1.2,1.5,-6.29,1.2,0.8,0.0045,100.0%
408,Jalen Johnson,PRA,41.5,UNDER,52.5%,D,DO NOT BET,51.7,✅ HIT,39.0,UNDER,52.8%,52.01,✅ HIT,UNDER,52.6%,51.8,✅ HIT,UNDER,52.5%,51.65,✅ HIT,UNDER,52.1%,51.33,✅ HIT,-0.01,-0.63,-0.81,-9.5,9.33,0.8,1.2,0.0025,100.0%
409,Deandre Ayton,PTS,10.5,OVER,52.7%,D,DO NOT BET,51.69,✅ HIT,23.0,OVER,53.9%,52.81,✅ HIT,OVER,53.3%,52.26,✅ HIT,OVER,52.2%,51.16,✅ HIT,OVER,51.6%,50.53,✅ HIT,-0.37,0.28,0.0,1.5,-3.46,1.0,1.2,0.009,100.0%
410,Kevin Porter Jr.,FTM,2.5,OVER,52.7%,B,DO NOT BET,51.66,❌ MISS,0.0,OVER,55.0%,53.93,❌ MISS,OVER,53.2%,52.12,❌ MISS,OVER,52.2%,51.11,❌ MISS,OVER,50.5%,49.48,❌ MISS,-0.38,-0.04,-0.58,-0.1,-0.97,1.0,0.4,0.0161,100.0%
411,Nikola Jokić,FGA,19.5,UNDER,53.5%,D,DO NOT BET,51.6,✅ HIT,17.0,OVER,50.6%,54.55,❌ MISS,UNDER,50.1%,48.22,✅ HIT,UNDER,57.5%,55.59,✅ HIT,UNDER,57.0%,55.15,✅ HIT,-0.48,-1.01,0.47,-3.9,2.02,1.0,1.6,0.0378,75.0%
412,Josh Giddey,AST,8.5,OVER,52.1%,C,DO NOT BET,51.43,✅ HIT,15.0,OVER,51.3%,50.7,✅ HIT,OVER,50.7%,50.06,✅ HIT,OVER,53.6%,52.95,✅ HIT,OVER,52.6%,52.0,✅ HIT,-0.06,-0.82,-0.58,-2.5,2.33,1.0,2.0,0.0112,100.0%
413,Jamal Murray,PA,29.5,OVER,53.9%,D,DO NOT BET,51.34,✅ HIT,46.0,OVER,52.3%,49.79,✅ HIT,OVER,52.7%,50.17,✅ HIT,OVER,55.0%,52.46,✅ HIT,OVER,55.5%,52.97,✅ HIT,-0.25,-0.27,0.1,-3.3,0.19,1.0,1.2,0.0139,100.0%
414,Deandre Ayton,PRA,19.5,OVER,52.5%,D,DO NOT BET,51.3,✅ HIT,34.0,OVER,54.1%,52.86,✅ HIT,OVER,54.1%,52.91,✅ HIT,OVER,50.8%,49.55,✅ HIT,OVER,51.1%,49.87,✅ HIT,-0.24,0.31,0.02,2.7,-4.81,0.8,0.8,0.0159,100.0%
415,LeBron James,REB,5.5,UNDER,50.4%,B,DO NOT BET,51.01,❌ MISS,7.0,OVER,50.0%,51.45,✅ HIT,OVER,50.9%,52.31,✅ HIT,UNDER,51.7%,52.3,❌ MISS,UNDER,50.9%,51.49,❌ MISS,0.06,-0.13,-0.27,-0.3,0.44,0.8,0.8,0.0098,50.0%
416,Paolo Banchero,REB,8.5,OVER,50.3%,B,DO NOT BET,50.97,✅ HIT,10.0,UNDER,51.1%,52.45,❌ MISS,UNDER,50.2%,51.54,❌ MISS,OVER,51.0%,51.59,✅ HIT,OVER,51.6%,52.28,✅ HIT,-0.01,-0.13,-0.18,-0.5,0.44,1.0,0.8,0.0104,50.0%
417,Cooper Flagg,RA,11.5,UNDER,53.6%,C,DO NOT BET,50.97,❌ MISS,13.0,UNDER,52.6%,50.0,❌ MISS,UNDER,52.1%,49.52,❌ MISS,UNDER,55.1%,52.5,❌ MISS,UNDER,54.5%,51.87,❌ MISS,-0.17,0.33,-3.0,1.1,-1.68,0.8,0.8,0.0124,100.0%
418,Victor Wembanyama,RA,13.5,OVER,52.9%,C,DO NOT BET,50.82,NO GAME,,OVER,55.0%,52.9,NO GAME,OVER,54.6%,52.53,NO GAME,OVER,51.1%,49.0,NO GAME,OVER,51.0%,48.86,NO GAME,-0.15,0.15,-2.62,0.5,-1.0,1.0,0.8,0.019,100.0%
419,Nikola Jokić,3PM,1.5,OVER,50.5%,S,DO NOT BET,50.82,✅ HIT,2.0,OVER,51.0%,51.27,✅ HIT,OVER,50.7%,50.99,✅ HIT,OVER,50.4%,50.69,✅ HIT,OVER,50.1%,50.33,✅ HIT,-0.31,0.6,-0.66,0.7,-1.06,1.0,0.4,0.0035,100.0%
420,Luka Dončić,RA,16.5,OVER,50.3%,C,DO NOT BET,50.81,✅ HIT,19.0,UNDER,52.7%,54.2,❌ MISS,UNDER,52.2%,53.72,❌ MISS,OVER,53.3%,53.78,✅ HIT,OVER,52.9%,53.37,✅ HIT,0.05,-0.03,-0.55,-0.1,0.28,0.8,1.2,0.0278,50.0%
421,Jalen Duren,RA,12.5,UNDER,50.8%,C,DO NOT BET,50.76,✅ HIT,12.0,OVER,50.3%,52.36,❌ MISS,OVER,50.4%,52.52,❌ MISS,UNDER,52.2%,52.09,✅ HIT,UNDER,51.9%,51.82,✅ HIT,-0.05,-0.49,-0.14,-2.1,1.9,0.8,1.2,0.012,50.0%
422,Jamal Murray,PR,27.5,OVER,52.0%,D,DO NOT BET,50.74,✅ HIT,41.0,UNDER,50.6%,53.92,❌ MISS,UNDER,50.6%,53.93,❌ MISS,OVER,54.6%,53.33,✅ HIT,OVER,54.8%,53.46,✅ HIT,-0.21,-0.29,0.11,-3.1,0.78,1.4,1.6,0.0266,50.0%
423,Jamal Murray,RA,10.5,OVER,52.0%,C,DO NOT BET,50.69,❌ MISS,9.0,OVER,51.6%,50.28,❌ MISS,OVER,51.6%,50.28,❌ MISS,OVER,52.6%,51.24,❌ MISS,OVER,52.3%,50.93,❌ MISS,-0.27,0.42,-1.33,1.5,-2.48,0.8,0.8,0.0042,100.0%
424,Austin Reaves,PRA,30.5,OVER,55.6%,D,DO NOT BET,50.66,✅ HIT,42.0,OVER,57.0%,52.11,✅ HIT,OVER,57.0%,52.09,✅ HIT,OVER,54.0%,49.07,✅ HIT,OVER,54.3%,49.37,✅ HIT,-0.45,-0.2,-1.25,-1.5,-1.92,0.4,0.8,0.0144,100.0%
425,Cooper Flagg,REB,6.5,OVER,50.0%,B,DO NOT BET,50.55,❌ MISS,6.0,UNDER,50.5%,51.94,✅ HIT,OVER,50.4%,50.94,❌ MISS,UNDER,50.3%,51.78,✅ HIT,OVER,50.4%,50.97,❌ MISS,-0.07,-0.43,0.0,-1.1,0.92,1.2,1.2,0.0041,50.0%
426,Kevin Porter Jr.,PTS,15.5,OVER,51.8%,D,DO NOT BET,50.44,❌ MISS,6.0,OVER,52.9%,51.51,❌ MISS,OVER,52.3%,51.0,❌ MISS,OVER,51.3%,49.93,❌ MISS,OVER,50.7%,49.33,❌ MISS,-0.22,-0.08,-0.27,-0.7,-1.29,1.2,0.8,0.0086,100.0%
427,De'Aaron Fox,3PA,5.5,OVER,50.9%,B,DO NOT BET,50.33,✅ HIT,10.0,OVER,50.8%,50.25,✅ HIT,OVER,50.1%,49.56,✅ HIT,OVER,51.7%,51.14,✅ HIT,OVER,50.9%,50.38,✅ HIT,-0.02,-0.11,-0.96,-0.3,0.25,0.6,0.8,0.0056,100.0%
428,Jalen Duren,REB,10.5,UNDER,50.1%,B,DO NOT BET,50.27,✅ HIT,10.0,UNDER,50.4%,50.59,✅ HIT,OVER,50.5%,52.29,❌ MISS,UNDER,50.6%,50.76,✅ HIT,OVER,50.2%,52.0,❌ MISS,0.01,-0.39,-0.28,-1.7,1.76,0.8,1.2,0.0043,50.0%
429,Jamal Murray,3PM,2.5,OVER,50.5%,S,DO NOT BET,50.24,❌ MISS,2.0,UNDER,50.9%,53.23,✅ HIT,UNDER,51.2%,53.48,✅ HIT,OVER,52.3%,52.04,❌ MISS,OVER,51.9%,51.65,❌ MISS,-0.23,-0.31,-0.07,-0.9,0.24,1.0,1.2,0.0161,50.0%
430,Cooper Flagg,TOV,2.5,UNDER,50.0%,A,DO NOT BET,50.05,✅ HIT,1.0,UNDER,50.4%,50.42,✅ HIT,UNDER,50.7%,50.71,✅ HIT,OVER,50.6%,52.64,❌ MISS,OVER,50.3%,52.3,❌ MISS,-0.34,0.4,-1.0,0.3,-0.55,1.2,0.8,0.0054,50.0%
431,Aaron Gordon,PTS,13.5,OVER,51.9%,D,DO NOT BET,49.88,NO GAME,,OVER,52.7%,50.73,NO GAME,OVER,52.2%,50.22,NO GAME,OVER,51.6%,49.6,NO GAME,OVER,51.0%,48.99,NO GAME,-0.37,0.3,0.0,2.5,-5.62,1.2,0.8,0.0065,100.0%
432,Desmond Bane,RA,9.5,UNDER,54.6%,C,DO NOT BET,49.82,✅ HIT,7.0,UNDER,54.6%,49.87,✅ HIT,UNDER,53.9%,49.17,✅ HIT,UNDER,55.2%,50.45,✅ HIT,UNDER,54.5%,49.8,✅ HIT,-0.35,0.16,-4.5,0.5,-1.56,1.0,0.8,0.0045,100.0%
433,Jamal Murray,PRA,34.5,OVER,51.2%,D,DO NOT BET,49.78,✅ HIT,48.0,UNDER,50.8%,54.3,❌ MISS,UNDER,50.7%,54.13,❌ MISS,OVER,53.1%,51.61,✅ HIT,OVER,53.4%,51.92,✅ HIT,-0.2,-0.14,0.13,-1.7,-0.75,1.2,1.6,0.0199,50.0%
434,Desmond Bane,PTS,22.5,UNDER,51.5%,D,DO NOT BET,49.69,✅ HIT,22.0,UNDER,50.6%,48.82,✅ HIT,UNDER,51.0%,49.2,✅ HIT,UNDER,51.9%,50.15,✅ HIT,UNDER,52.4%,50.61,✅ HIT,-0.25,0.25,-0.69,1.9,-3.81,0.8,0.8,0.0072,100.0%
435,Cade Cunningham,REB,5.5,UNDER,50.3%,B,DO NOT BET,49.58,✅ HIT,5.0,UNDER,50.6%,49.81,✅ HIT,OVER,50.3%,53.08,❌ MISS,UNDER,50.9%,50.19,✅ HIT,UNDER,50.2%,49.41,✅ HIT,0.08,-0.79,-1.0,-1.5,1.65,0.8,1.2,0.0047,75.0%
436,Bam Adebayo,PTS,22.5,UNDER,50.8%,D,DO NOT BET,49.58,✅ HIT,21.0,OVER,55.5%,58.74,❌ MISS,OVER,54.9%,58.14,❌ MISS,UNDER,56.7%,55.46,✅ HIT,UNDER,57.0%,55.73,✅ HIT,-0.1,0.52,-0.0,12.5,-14.98,0.8,0.4,0.0602,50.0%
437,Chet Holmgren,PR,24.5,OVER,52.6%,D,DO NOT BET,49.57,❌ MISS,23.0,OVER,52.6%,49.65,❌ MISS,OVER,52.5%,49.53,❌ MISS,OVER,52.5%,49.48,❌ MISS,OVER,52.6%,49.62,❌ MISS,-0.24,-0.43,-1.5,-3.3,1.48,1.0,1.2,0.0007,100.0%
438,Giannis Antetokounmpo,PA,31.5,OVER,50.2%,D,DO NOT BET,49.53,✅ HIT,34.0,OVER,54.1%,53.43,✅ HIT,OVER,54.5%,53.81,✅ HIT,UNDER,54.1%,56.8,❌ MISS,UNDER,53.6%,56.33,❌ MISS,-0.29,0.84,-0.34,3.9,-5.22,0.4,0.4,0.041,50.0%
439,Chet Holmgren,PRA,26.5,OVER,52.3%,D,DO NOT BET,49.52,❌ MISS,23.0,OVER,50.3%,47.54,❌ MISS,OVER,50.5%,47.68,❌ MISS,OVER,54.1%,51.28,❌ MISS,OVER,54.4%,51.59,❌ MISS,-0.21,-0.5,-1.5,-3.7,2.13,1.0,1.2,0.0192,100.0%
440,Stephon Castle,PTS,16.5,UNDER,50.1%,D,DO NOT BET,49.44,❌ MISS,30.0,OVER,53.6%,56.25,✅ HIT,OVER,53.0%,55.71,✅ HIT,UNDER,53.3%,52.65,❌ MISS,UNDER,53.7%,53.06,❌ MISS,-0.02,-0.33,-1.4,-1.9,1.78,1.2,1.2,0.0343,50.0%
441,Dyson Daniels,AST,5.5,OVER,51.2%,C,DO NOT BET,49.12,NO GAME,,OVER,51.6%,49.43,NO GAME,OVER,50.9%,48.77,NO GAME,OVER,51.6%,49.52,NO GAME,OVER,50.9%,48.74,NO GAME,-0.21,-0.47,-1.79,-1.5,0.84,1.0,1.2,0.0036,100.0%
442,Bam Adebayo,PRA,35.5,UNDER,50.7%,D,DO NOT BET,49.07,✅ HIT,31.0,OVER,50.6%,54.22,❌ MISS,OVER,50.7%,54.35,❌ MISS,UNDER,52.2%,50.58,✅ HIT,UNDER,51.9%,50.25,✅ HIT,-0.12,0.53,-0.1,12.5,-15.26,0.8,0.4,0.0135,50.0%
443,Jalen Suggs,STL,1.5,OVER,50.5%,A,DO NOT BET,48.57,✅ HIT,2.0,UNDER,50.9%,54.87,❌ MISS,UNDER,51.3%,55.23,❌ MISS,OVER,52.3%,50.39,✅ HIT,OVER,51.9%,50.0,✅ HIT,-1.07,-1.75,-0.3,-0.7,0.27,1.6,2.0,0.0163,50.0%
444,Desmond Bane,PRA,31.5,UNDER,51.1%,D,DO NOT BET,48.49,✅ HIT,29.0,UNDER,50.3%,47.73,✅ HIT,UNDER,50.2%,47.58,✅ HIT,UNDER,52.1%,49.49,✅ HIT,UNDER,51.7%,49.17,✅ HIT,-0.34,0.39,-0.98,2.9,-5.37,0.8,0.8,0.0084,100.0%
445,Jaylen Brown,RA,12.5,UNDER,50.6%,C,DO NOT BET,48.46,❌ MISS,13.0,OVER,52.4%,56.62,✅ HIT,OVER,52.4%,56.53,✅ HIT,UNDER,53.9%,51.74,❌ MISS,UNDER,53.4%,51.25,❌ MISS,-0.07,0.72,-3.0,2.3,-2.52,0.4,0.4,0.0304,50.0%
446,Austin Reaves,PR,25.5,OVER,52.4%,D,DO NOT BET,48.36,✅ HIT,35.0,OVER,53.2%,49.13,✅ HIT,OVER,53.0%,48.99,✅ HIT,OVER,51.6%,47.6,✅ HIT,OVER,51.8%,47.73,✅ HIT,-0.46,-0.14,-0.87,-0.9,-2.06,0.4,0.8,0.007,100.0%
447,Jayson Tatum,TOV,2.5,UNDER,52.9%,A,DO NOT BET,48.03,NO GAME,,UNDER,54.4%,49.54,NO GAME,UNDER,54.5%,49.69,NO GAME,UNDER,51.2%,46.33,NO GAME,UNDER,51.5%,46.59,NO GAME,-2.47,-2.47,0.25,-1.17,-0.0,1.0,1.2,0.0158,100.0%
448,Austin Reaves,PA,26.5,OVER,52.2%,D,DO NOT BET,47.86,✅ HIT,37.0,OVER,51.2%,46.85,✅ HIT,OVER,51.5%,47.22,✅ HIT,OVER,52.8%,48.43,✅ HIT,OVER,53.3%,48.93,✅ HIT,-0.37,-0.04,-1.67,-0.3,-2.35,0.4,0.8,0.0085,100.0%